Num_Acc;id_vehicule;num_veh;senc;catv;obs;obsm;choc;manv;motor;occutc
201900016932;138 274 788;B01;1;1;14;2;1;2;5;
201900016937;138 274 779;B01;2;1;0;2;2;15;5;
201900016964;138 274 723;A01;1;1;0;2;1;26;5;
201900016971;138 274 698;A01;1;1;0;2;1;1;5;
201900016991;138 274 654;A01;1;1;0;0;0;0;5;
201900016995;138 274 647;B01;2;1;0;2;8;1;5;
201900016997;138 274 641;A01;1;1;0;1;1;1;5;
201900017002;138 274 635;B01;2;1;1;0;1;1;5;
201900017011;138 274 613;B01;3;1;0;2;6;19;5;
201900017020;138 274 595;B01;2;1;0;2;1;1;5;
201900017032;138 274 577;B01;0;1;0;2;1;1;5;
201900017033;138 274 576;A01;0;1;0;2;1;0;0;
201900017035;138 274 572;A01;1;1;15;2;1;19;0;
201900017052;138 274 540;A01;1;1;0;2;7;1;5;
201900017054;138 274 534;B01;1;1;0;2;4;1;5;
201900017058;138 274 525;C01;3;1;0;2;8;1;0;
201900017060;138 274 518;B01;3;80;0;2;7;19;3;
201900017075;138 274 491;B01;0;1;0;0;0;0;0;
201900017087;138 274 466;B01;1;1;0;2;1;25;5;
201900017111;138 274 422;B01;2;1;0;2;8;1;5;
201900017118;138 274 410;A01;2;1;0;2;1;5;5;
201900017125;138 274 397;B01;3;1;0;0;8;19;0;
201900017138;138 274 374;B01;0;1;0;2;1;26;6;
201900017141;138 274 368;B01;1;1;0;2;1;5;5;
201900017145;138 274 362;B01;1;1;0;2;2;17;5;
201900017156;138 274 344;B01;1;1;0;2;4;1;5;
201900017159;138 274 338;A01;2;1;0;2;4;0;5;
201900017162;138 274 335;B01;1;1;0;0;8;19;5;
201900017163;138 274 332;B01;2;1;0;0;5;1;0;
201900017180;138 274 301;A01;2;1;1;0;1;21;5;
201900017189;138 274 283;B01;3;1;0;2;6;0;5;
201900017198;138 274 269;B01;2;1;0;2;1;1;5;
201900017199;138 274 268;A01;1;80;16;0;9;1;3;
201900017235;138 274 196;A01;1;1;0;2;1;19;0;
201900017244;138 274 182;A01;3;80;0;0;0;0;3;
201900017252;138 274 164;B01;1;1;0;2;7;0;5;
201900017259;138 274 147;B01;1;1;0;2;3;15;0;
201900017264;138 274 136;B01;1;1;0;0;0;0;5;
201900017265;138 274 133;A01;3;1;0;2;0;26;6;
201900017269;138 274 125;A01;1;1;0;2;1;1;5;
201900017272;138 274 120;B01;3;80;0;2;8;1;3;
201900017278;138 274 106;A01;3;1;0;1;1;25;5;
201900017281;138 274 101;Y01;1;1;0;2;7;12;5;
201900017315;138 274 029;A01;2;1;0;2;1;7;5;
201900017322;138 274 016;B01;2;1;0;2;4;1;5;
201900017328;138 274 006;A01;0;1;0;2;2;2;5;
201900017336;138 273 993;A01;3;1;12;2;5;9;5;
201900017380;138 273 915;A01;3;1;0;2;8;1;5;
201900017384;138 273 905;B01;2;1;0;2;1;1;5;
201900017389;138 273 898;B01;3;1;0;2;7;10;5;
201900017394;138 273 891;B01;1;80;0;2;1;1;3;
201900017412;138 273 851;A01;2;1;0;1;8;1;5;
201900017425;138 273 828;B01;2;1;1;0;1;20;5;
201900017450;138 273 778;A01;3;1;0;2;1;25;5;
201900017454;138 273 771;B01;3;1;0;2;8;1;5;
201900017479;138 273 721;B01;2;1;0;0;4;1;5;
201900017489;138 273 709;B01;1;1;0;2;2;15;5;
201900017495;138 273 701;B01;2;1;0;0;4;13;5;
201900017504;138 273 686;A01;2;1;0;2;3;17;5;
201900017508;138 273 677;C01;3;1;0;2;7;19;5;
201900017508;138 273 678;B01;3;1;0;2;7;19;5;
201900017509;138 273 675;B01;1;1;0;2;4;13;5;
201900017520;138 273 656;A01;3;1;0;2;1;1;5;
201900017523;138 273 651;B01;1;80;0;2;7;15;3;
201900017535;138 273 633;B01;3;1;6;2;1;1;5;
201900017550;138 273 612;A01;1;1;0;0;1;0;5;
201900017570;138 273 576;B01;2;1;0;0;4;0;0;
201900017627;138 273 466;B01;3;1;0;2;7;1;5;
201900017648;138 273 437;B01;0;1;0;2;8;1;5;
201900017660;138 273 417;B01;1;1;0;2;1;2;5;
201900017669;138 273 404;A01;1;1;0;2;1;1;5;
201900017673;138 273 397;B01;3;1;0;0;3;1;5;
201900017673;138 273 398;A01;3;1;0;2;2;1;5;
201900017674;138 273 396;A01;1;1;14;0;1;1;5;
201900017686;138 273 376;B01;1;1;0;2;1;0;5;
201900017719;138 273 306;B01;3;1;0;2;4;2;5;
201900017778;138 273 174;A01;1;1;0;1;0;25;5;
201900017780;138 273 170;B01;1;1;0;2;0;0;5;
201900017783;138 273 166;B01;2;1;0;2;4;1;5;
201900017786;138 273 161;B01;1;1;0;2;7;1;5;
201900017792;138 273 142;A01;1;1;10;0;0;0;5;
201900017796;138 273 133;C01;1;1;0;2;7;2;5;
201900017796;138 273 134;B01;2;1;0;2;7;0;5;
201900017803;138 273 119;B01;0;1;0;2;4;1;5;
201900017809;138 273 113;A01;1;1;0;2;0;1;5;
201900017820;138 273 093;A01;1;1;0;0;0;0;5;
201900017822;138 273 088;B01;0;1;0;2;7;1;5;
201900017831;138 273 076;B01;1;1;1;0;1;1;5;
201900017835;138 273 067;B01;1;1;0;2;5;9;5;
201900017840;138 273 056;B01;3;1;0;2;8;19;5;
201900017854;138 273 030;B01;3;1;0;2;2;1;5;
201900017866;138 273 009;A01;2;1;0;2;0;1;5;
201900017867;138 273 006;B01;2;1;0;2;1;1;5;
201900017867;138 273 007;A01;1;1;0;2;1;1;5;
201900017873;138 272 995;B01;2;1;0;2;0;1;5;
201900017877;138 272 988;B01;2;1;0;2;1;2;5;
201900017896;138 272 952;A01;0;1;0;2;1;1;5;
201900017905;138 272 937;A01;1;1;0;1;8;11;5;
201900017924;138 272 904;B01;3;1;0;2;4;2;5;
201900017929;138 272 895;B01;3;1;1;0;1;2;5;
201900017933;138 272 888;B01;2;80;0;0;4;1;3;
201900017934;138 272 887;A01;2;1;0;0;0;1;5;
201900017935;138 272 886;B01;1;80;0;0;4;1;3;
201900017937;138 272 882;B01;2;1;0;2;7;21;5;
201900017943;138 272 871;C01;1;1;0;0;4;1;5;
201900017951;138 272 856;B01;0;1;0;2;1;9;5;
201900017952;138 272 854;B01;3;1;0;2;8;19;5;
201900017954;138 272 851;A01;0;1;0;0;0;1;5;
201900017963;138 272 833;B01;2;80;0;2;1;19;3;
201900017966;138 272 826;B01;3;1;0;2;3;1;5;
201900017997;138 272 763;B01;2;1;0;2;1;1;5;
201900018000;138 272 758;A01;2;1;0;1;1;21;5;
201900018017;138 272 727;B01;2;1;0;2;1;1;5;
201900018017;138 272 728;A01;1;1;0;2;1;5;5;
201900018026;138 272 711;B01;1;1;1;0;1;1;0;
201900018038;138 272 688;B01;0;1;0;2;1;18;5;
201900018055;138 272 658;A01;3;1;0;2;1;19;5;
201900018056;138 272 655;B01;3;1;0;2;0;26;5;
201900018058;138 272 649;B01;3;1;0;2;1;9;5;
201900018086;138 272 575;B01;1;1;0;2;1;1;0;
201900018094;138 272 562;B01;1;1;0;2;7;1;6;
201900018102;138 272 547;B01;1;1;0;2;8;0;0;
201900018113;138 272 528;A01;3;1;0;1;1;16;5;
201900018127;138 272 506;A01;1;1;9;0;2;1;5;
201900018130;138 272 501;B01;3;1;9;0;7;5;5;
201900018131;138 272 500;A01;1;1;0;2;1;2;0;
201900018143;138 272 474;B01;2;1;0;2;8;2;0;
201900018151;138 272 461;B01;1;1;0;2;4;1;6;
201900018155;138 272 455;B01;1;1;1;0;7;3;5;
201900018160;138 272 448;B01;2;1;0;2;4;19;0;
201900018166;138 272 440;B01;1;1;0;2;1;1;0;
201900018198;138 272 384;B01;2;1;0;2;8;19;5;
201900018205;138 272 374;B01;0;1;0;0;0;0;0;
201900018226;138 272 335;B01;1;1;0;2;1;1;5;
201900018230;138 272 330;B01;1;80;0;2;1;1;3;
201900018241;138 272 308;A01;2;1;0;2;7;19;5;
201900018259;138 272 277;B01;3;1;0;2;3;0;5;
201900018284;138 272 226;B01;0;1;0;2;8;2;6;
201900018287;138 272 220;B01;1;1;0;2;1;1;5;
201900018302;138 272 197;B01;1;1;0;2;1;1;0;
201900018339;138 272 135;B01;2;1;0;2;4;1;5;
201900018409;138 272 010;A01;2;1;0;2;1;15;5;
201900018417;138 271 993;B01;3;80;0;2;7;1;3;
201900018423;138 271 983;B01;3;1;0;2;8;4;5;
201900018429;138 271 974;A01;2;80;12;0;1;26;3;
201900018441;138 271 950;Y01;1;1;0;2;3;15;5;
201900018447;138 271 936;A01;1;1;0;0;1;1;5;
201900018511;138 271 819;B01;2;1;0;2;1;1;5;
201900018519;138 271 806;B01;2;1;0;2;1;1;5;
201900018521;138 271 802;B01;1;1;0;2;8;5;5;
201900018523;138 271 800;A01;2;1;0;1;1;1;5;
201900018537;138 271 780;A01;2;1;0;2;4;11;5;
201900018587;138 271 689;B01;2;1;0;2;1;1;5;
201900018603;138 271 666;B01;0;1;0;2;1;9;5;
201900018615;138 271 631;B01;3;1;0;2;1;16;5;
201900018620;138 271 620;B01;1;1;0;9;7;15;5;
201900018621;138 271 619;B01;1;1;0;2;0;1;5;
201900018633;138 271 593;A01;0;1;0;1;8;25;5;
201900018642;138 271 571;B01;1;1;0;2;8;1;5;
201900018643;138 271 570;A01;1;1;0;0;0;5;0;
201900018674;138 271 508;A01;2;1;0;2;0;9;5;
201900018674;138 271 509;B01;2;1;0;2;0;1;5;
201900018710;138 271 447;B01;1;1;0;2;1;1;5;
201900018726;138 271 419;B01;1;1;0;2;4;2;0;
201900018773;138 271 324;B01;1;1;0;2;5;15;5;
201900018775;138 271 321;B01;1;1;0;2;1;1;5;
201900018797;138 271 287;B01;1;1;0;2;1;18;5;
201900018804;138 271 277;A01;2;1;0;2;7;19;5;
201900018852;138 271 192;B01;2;1;0;2;1;1;5;
201900018881;138 271 144;A01;2;1;0;2;1;1;5;
201900018958;138 271 025;A01;2;1;0;2;4;1;0;
201900018966;138 271 012;B01;3;1;0;2;1;1;0;
201900018987;138 270 960;B01;1;1;0;2;1;1;5;
201900018988;138 270 957;B01;1;1;0;2;1;5;5;
201900018991;138 270 952;B01;2;1;0;2;2;1;5;
201900018995;138 270 946;A01;1;1;0;2;1;2;5;
201900019016;138 270 912;A01;2;1;14;0;2;14;5;
201900019021;138 270 905;B01;3;1;0;2;4;2;5;
201900019025;138 270 897;A01;2;1;0;2;8;0;5;
201900019060;138 270 835;B01;2;1;0;2;1;1;5;
201900019062;138 270 831;A01;1;1;0;2;3;25;5;
201900019079;138 270 791;A01;3;1;0;2;3;19;6;
201900019082;138 270 784;C01;0;1;0;2;0;19;5;
201900019085;138 270 778;A01;1;1;0;0;0;14;5;
201900019095;138 270 760;A01;3;1;0;2;3;19;5;
201900019096;138 270 759;B01;2;1;0;2;8;15;5;
201900019098;138 270 754;B01;3;1;0;2;7;15;5;
201900019106;138 270 739;B01;2;1;0;2;1;1;6;
201900019115;138 270 708;B01;2;1;0;0;5;1;5;
201900019121;138 270 700;B01;1;1;0;2;1;2;0;
201900019122;138 270 697;B01;1;1;0;2;5;9;5;
201900019125;138 270 691;B01;2;1;0;2;8;1;5;
201900019132;138 270 678;B01;0;1;0;2;8;19;0;
201900019134;138 270 674;B01;2;1;0;2;1;1;5;
201900019174;138 270 586;A01;1;1;0;2;1;15;5;
201900019193;138 270 556;B01;3;1;0;2;1;15;5;
201900019199;138 270 541;B01;2;1;0;2;9;15;5;
201900019201;138 270 537;B01;1;80;0;2;0;1;3;
201900019207;138 270 526;A01;3;1;0;0;0;7;5;
201900019222;138 270 500;A01;1;1;5;0;9;1;5;
201900019245;138 270 458;A01;2;1;0;2;8;1;5;
201900019251;138 270 450;B01;0;1;0;2;7;19;5;
201900019268;138 270 422;B01;0;1;0;0;8;2;5;
201900019268;138 270 423;A01;0;1;0;0;8;2;5;
201900019281;138 270 397;B01;1;1;0;0;4;2;6;
201900019302;138 270 357;B01;2;1;0;2;1;0;5;
201900019317;138 270 316;B01;2;1;0;2;1;1;5;
201900019321;138 270 311;A01;3;1;1;0;0;1;5;
201900019334;138 270 289;A01;2;1;0;2;1;13;5;
201900019363;138 270 241;B01;1;1;0;2;4;2;0;
201900019365;138 270 237;B01;2;1;0;2;4;2;5;
201900019387;138 270 196;A01;1;1;0;2;0;1;5;
201900019400;138 270 177;B01;0;1;13;2;4;1;5;
201900019401;138 270 175;B01;3;1;0;0;8;1;5;
201900019412;138 270 156;B01;2;1;0;2;3;1;5;
201900019413;138 270 154;B01;3;1;0;2;3;15;5;
201900019413;138 270 155;A01;3;1;0;2;1;1;5;
201900019428;138 270 127;B01;0;1;0;2;4;1;5;
201900019433;138 270 116;B01;2;1;0;0;4;1;5;
201900019503;138 269 961;B01;3;1;0;2;7;14;5;
201900019507;138 269 953;B01;0;1;0;2;1;1;5;
201900019513;138 269 943;A01;0;80;0;2;2;26;3;
201900019517;138 269 934;C01;2;1;0;2;0;0;5;
201900019517;138 269 935;B01;2;1;0;2;0;19;5;
201900019534;138 269 909;B01;3;1;0;2;1;19;5;
201900019539;138 269 898;B01;0;1;0;2;0;5;5;
201900019559;138 269 857;B01;3;1;0;2;7;0;5;
201900019573;138 269 838;A01;2;1;0;2;8;19;5;
201900019582;138 269 825;A01;1;1;0;2;1;25;5;
201900019586;138 269 818;B01;1;1;0;2;7;1;5;
201900019604;138 269 782;A01;1;1;0;0;0;2;0;
201900019605;138 269 781;A01;2;1;0;2;1;5;5;
201900019619;138 269 756;A01;3;1;0;0;0;1;5;
201900019632;138 269 732;B01;1;1;0;2;6;1;5;
201900019635;138 269 726;B01;3;1;0;2;1;5;5;
201900019641;138 269 712;A01;3;1;0;2;3;1;5;
201900019642;138 269 710;A01;2;1;0;1;1;1;5;
201900019654;138 269 689;B01;2;1;0;2;3;13;5;
201900019659;138 269 681;B01;2;1;0;2;4;2;5;
201900019679;138 269 629;B01;2;1;0;2;7;1;5;
201900019680;138 269 627;B01;2;1;0;2;2;1;5;
201900019682;138 269 624;B01;3;1;0;2;7;1;5;
201900019690;138 269 612;B01;2;1;0;2;1;2;5;
201900019693;138 269 604;B01;0;1;0;2;0;0;5;
201900019701;138 269 588;B01;2;1;0;2;7;1;5;
201900019719;138 269 552;A01;3;1;0;2;3;15;5;
201900019720;138 269 549;A01;2;1;0;2;1;1;5;
201900019737;138 269 517;B01;2;1;0;2;1;1;5;
201900019745;138 269 503;A01;2;1;0;2;1;2;5;
201900019746;138 269 500;B01;1;1;0;2;7;1;5;
201900019747;138 269 499;B01;1;1;0;2;1;1;5;
201900019763;138 269 467;B01;1;1;0;2;1;1;5;
201900019782;138 269 428;B01;1;1;0;2;1;1;0;
201900019787;138 269 416;B01;1;80;0;2;0;1;3;
201900019790;138 269 411;B01;1;1;0;2;7;19;5;
201900019799;138 269 396;A01;1;1;1;0;1;26;6;
201900019825;138 269 351;B01;1;1;0;2;4;2;5;
201900019836;138 269 332;B01;1;1;0;0;8;15;5;
201900019850;138 269 303;C01;1;1;0;2;1;1;0;
201900019854;138 269 294;B01;2;1;0;2;1;1;5;
201900019856;138 269 292;B01;1;1;0;2;1;16;5;
201900019858;138 269 288;B01;3;1;0;2;3;5;5;
201900019866;138 269 272;B01;1;1;0;2;8;1;5;
201900019870;138 269 265;A01;2;80;0;2;1;1;3;
201900019873;138 269 258;A01;2;1;0;2;1;1;5;
201900019878;138 269 251;B01;2;1;0;2;1;1;5;
201900019899;138 269 213;A01;0;1;0;2;0;13;6;
201900019901;138 269 210;B01;3;1;0;2;1;1;5;
201900019914;138 269 184;B01;3;1;0;2;1;2;5;
201900019927;138 269 162;A01;3;1;0;1;1;1;5;
201900019948;138 269 125;B01;3;1;0;2;1;1;0;
201900019953;138 269 086;B01;1;1;0;2;8;1;5;
201900019959;138 269 071;A01;1;1;0;2;7;1;5;
201900019960;138 269 069;A01;3;1;0;2;1;26;5;
201900019962;138 269 064;B01;3;1;0;2;6;1;5;
201900019976;138 269 035;B01;1;1;0;2;8;1;5;
201900019996;138 268 988;B01;0;1;0;2;0;0;5;
201900020007;138 268 967;A01;3;1;0;0;0;21;5;
201900020012;138 268 958;B01;3;1;1;0;1;0;5;
201900020112;138 268 787;B01;3;1;0;2;4;12;0;
201900020125;138 268 762;B01;0;1;0;2;0;0;5;
201900020143;138 268 733;A01;2;1;0;1;1;1;5;
201900020223;138 268 589;A01;1;1;0;2;1;7;5;
201900020238;138 268 563;B01;2;1;0;2;1;1;5;
201900020242;138 268 555;B01;3;1;0;2;1;26;0;
201900020294;138 268 462;B01;1;1;0;2;1;1;5;
201900020305;138 268 442;B01;1;1;0;2;8;15;5;
201900020308;138 268 436;B01;1;1;0;2;8;21;0;
201900020309;138 268 434;B01;2;1;0;2;6;0;5;
201900020313;138 268 427;B01;3;1;0;2;1;1;5;
201900020349;138 268 374;A01;3;1;0;0;0;0;5;
201900020439;138 268 179;B01;2;1;0;2;0;16;5;
201900020442;138 268 174;A01;1;1;0;2;0;18;5;
201900020443;138 268 173;A01;3;1;2;0;2;14;2;
201900020453;138 268 153;B01;1;1;0;2;7;17;5;
201900020453;138 268 154;A01;1;1;0;2;8;14;5;
201900020456;138 268 148;B01;1;1;0;2;1;1;5;
201900020458;138 268 145;A01;2;1;0;1;1;1;5;
201900020472;138 268 125;B01;1;1;0;2;1;14;5;
201900020479;138 268 110;B01;2;1;0;2;8;1;5;
201900020492;138 268 091;B01;1;1;0;0;8;19;5;
201900020508;138 268 063;A01;3;1;6;2;6;1;5;
201900020509;138 268 062;B01;1;1;0;2;1;0;5;
201900020515;138 268 049;A01;2;1;0;2;4;1;5;
201900020536;138 268 008;B01;3;1;0;2;4;18;5;
201900020541;138 267 996;B01;1;1;0;2;1;25;5;
201900020565;138 267 950;A01;3;80;0;2;8;1;3;
201900020566;138 267 948;A01;3;1;0;1;1;2;5;
201900020583;138 267 921;A01;1;1;0;2;0;2;6;
201900020630;138 267 844;B01;2;1;0;2;4;2;5;
201900020712;138 267 674;A01;3;1;0;0;0;1;5;
201900020713;138 267 672;B01;2;1;0;2;1;1;5;
201900020722;138 267 655;A01;1;1;0;2;7;19;5;
201900020738;138 267 629;B01;3;1;0;2;0;0;5;
201900020754;138 267 604;B01;1;1;0;0;0;0;0;
201900020764;138 267 578;A01;3;1;0;2;0;1;0;
201900020774;138 267 555;A01;3;1;0;2;3;2;5;
201900020776;138 267 553;B01;0;1;0;2;1;1;5;
201900020777;138 267 550;A01;1;1;0;2;1;13;1;
201900020786;138 267 532;B01;0;1;0;0;0;0;0;
201900020823;138 267 474;B01;0;1;0;2;4;1;6;
201900020864;138 267 412;A01;1;1;0;9;0;2;5;
201900020864;138 267 413;B01;1;1;0;2;1;1;5;
201900020864;138 267 414;C01;1;1;0;2;1;2;5;
201900020902;138 267 337;A01;2;1;0;2;1;15;5;
201900020906;138 267 330;A01;1;1;0;1;1;1;5;
201900020916;138 267 311;B01;3;1;0;2;2;19;5;
201900020917;138 267 308;B01;3;1;0;2;1;19;5;
201900020920;138 267 304;A01;2;1;0;2;1;1;5;
201900020934;138 267 277;B01;3;1;0;2;1;1;5;
201900020948;138 267 250;B01;2;1;0;2;3;2;5;
201900020962;138 267 230;B01;2;1;0;2;1;1;5;
201900020972;138 267 216;B01;1;1;0;2;9;0;5;
201900020973;138 267 214;B01;2;1;0;2;1;1;5;
201900020981;138 267 198;A01;0;1;0;2;8;1;5;
201900020986;138 267 188;B01;3;1;0;2;8;1;5;
201900021005;138 267 149;B01;1;1;0;2;3;1;5;
201900021015;138 267 125;A01;1;1;0;1;1;1;5;
201900021017;138 267 123;B01;2;1;0;2;8;15;5;
201900021038;138 267 089;B01;2;1;1;0;6;0;5;
201900021046;138 267 074;A01;2;1;0;0;0;0;5;
201900021051;138 267 065;B01;2;80;0;2;4;1;3;
201900021059;138 267 050;A01;3;80;0;0;0;1;3;
201900021094;138 266 982;B01;2;1;0;2;1;15;5;
201900021125;138 266 917;B01;1;1;0;2;5;1;5;
201900021126;138 266 914;A01;1;1;0;1;1;1;2;
201900021127;138 266 912;B01;2;1;0;2;3;1;5;
201900021136;138 266 897;B01;1;1;0;2;1;1;5;
201900021144;138 266 883;B01;1;1;0;2;1;1;5;
201900021149;138 266 873;A01;0;1;0;2;1;0;5;
201900021150;138 266 870;B01;1;1;0;2;9;0;5;
201900021211;138 266 730;B01;1;1;1;0;2;1;0;
201900021222;138 266 707;B01;0;1;0;2;4;15;0;
201900021223;138 266 706;B01;1;1;0;2;7;9;0;
201900021231;138 266 689;B01;0;1;0;2;3;1;0;
201900021235;138 266 675;B01;2;1;0;2;1;1;5;
201900021241;138 266 666;A01;3;1;0;1;1;1;5;
201900021245;138 266 659;A01;1;1;0;2;1;2;5;
201900021246;138 266 658;B01;2;1;0;2;1;19;0;
201900021247;138 266 655;A01;1;1;0;2;0;0;5;
201900021258;138 266 638;A01;1;1;6;0;0;26;5;
201900021266;138 266 622;B01;2;1;0;2;1;1;5;
201900021281;138 266 592;B01;2;1;0;2;0;7;5;
201900021282;138 266 591;B01;1;1;0;0;1;1;5;
201900021295;138 266 570;Z01;2;1;0;2;1;16;5;
201900021321;138 266 524;B01;3;1;0;2;1;1;5;
201900021325;138 266 513;B01;3;1;0;0;4;1;0;
201900021334;138 266 495;A01;1;1;0;2;8;15;5;
201900021344;138 266 478;B01;2;1;0;2;6;26;5;
201900021345;138 266 474;B01;1;1;0;2;0;0;5;
201900021349;138 266 465;B01;1;1;0;2;7;1;5;
201900021353;138 266 456;A01;3;1;0;0;4;25;5;
201900021357;138 266 448;A01;1;1;0;0;0;26;5;
201900021369;138 266 423;B01;1;1;0;2;2;17;5;
201900021370;138 266 422;A01;2;1;0;2;1;1;5;
201900021374;138 266 413;A01;3;1;0;2;8;9;5;
201900021384;138 266 396;B01;2;1;0;2;1;19;6;
201900021399;138 266 373;A01;3;1;0;0;1;1;5;
201900021403;138 266 365;B01;2;1;0;2;8;2;5;
201900021412;138 266 349;A01;1;1;0;2;3;1;6;
201900021416;138 266 343;B01;3;1;0;2;0;2;5;
201900021447;138 266 285;B01;0;1;0;2;7;19;0;
201900021448;138 266 282;B01;1;1;0;2;8;1;5;
201900021475;138 266 223;B01;1;1;0;2;7;19;0;
201900021498;138 266 188;B01;2;1;0;2;3;8;5;
201900021508;138 266 163;B01;1;1;0;2;3;15;5;
201900021528;138 266 131;B01;0;1;0;2;8;2;6;
201900021534;138 266 119;B01;1;1;0;9;1;1;5;
201900021534;138 266 120;A01;0;1;0;2;8;19;5;
201900021538;138 266 110;A01;3;1;0;2;8;15;0;
201900021542;138 266 103;A01;1;1;0;2;8;19;5;
201900021557;138 266 076;B01;1;1;0;2;0;1;5;
201900021571;138 266 056;B01;0;1;0;2;1;1;5;
201900021582;138 266 032;B01;0;80;0;2;1;0;3;
201900021601;138 265 999;B01;3;1;0;2;1;26;5;
201900021608;138 265 987;A01;1;1;0;2;1;13;5;
201900021612;138 265 980;B01;0;1;0;9;2;26;5;
201900021615;138 265 975;A01;3;1;0;0;0;1;5;
201900021621;138 265 967;A01;2;1;0;0;0;1;0;
201900021622;138 265 965;B01;0;1;0;2;4;0;0;
201900021633;138 265 947;A01;0;1;0;2;5;26;5;
201900021638;138 265 939;B01;2;1;0;0;4;2;5;
201900021640;138 265 936;B01;3;1;0;2;8;0;5;
201900021671;138 265 867;B01;3;1;0;2;1;0;5;
201900021672;138 265 864;A01;3;1;0;2;3;0;5;
201900021677;138 265 857;B01;2;1;0;2;8;1;0;
201900021681;138 265 851;B01;2;1;0;2;7;1;0;
201900021701;138 265 809;B01;2;1;0;2;1;1;5;
201900021701;138 265 810;C01;2;1;0;2;1;1;5;
201900021701;138 265 811;D01;2;1;0;2;2;21;5;
201900021713;138 265 790;A01;2;1;0;0;0;1;5;
201900021749;138 265 728;B01;1;1;0;2;5;2;5;
201900021751;138 265 724;B01;2;1;0;2;7;1;5;
201900021767;138 265 688;Y01;2;1;0;2;1;1;5;
201900021768;138 265 687;B01;2;1;0;2;0;1;5;
201900021782;138 265 629;B01;1;1;0;2;4;13;0;
201900021783;138 265 627;B01;1;1;0;2;4;2;0;
201900021786;138 265 620;A01;0;1;12;0;0;1;5;
201900021791;138 265 611;A01;0;1;0;2;7;19;5;
201900021793;138 265 606;B01;0;1;0;2;7;1;5;
201900021796;138 265 600;B01;0;1;0;2;8;1;5;
201900021804;138 265 584;B01;0;1;0;2;1;1;5;
201900021816;138 265 560;A01;0;1;0;2;7;19;5;
201900021858;138 265 462;B01;0;1;0;2;1;19;5;
201900021863;138 265 450;B01;3;1;0;2;7;9;5;
201900021887;138 265 411;A01;1;1;0;1;1;1;5;
201900021890;138 265 406;A01;3;1;14;0;1;1;5;
201900021893;138 265 400;A01;2;1;0;2;2;1;5;
201900021898;138 265 392;B01;1;1;0;2;1;17;5;
201900021904;138 265 382;A01;3;1;1;0;0;23;5;
201900022016;138 265 162;B01;3;1;0;2;1;19;5;
201900022021;138 265 156;B01;3;1;0;2;9;1;0;
201900022025;138 265 148;B01;1;1;0;2;3;1;5;
201900022056;138 265 089;B01;0;1;0;2;1;1;5;
201900022065;138 265 067;B01;0;1;0;2;4;2;5;
201900022071;138 265 054;B01;3;1;0;2;8;1;5;
201900022078;138 265 040;B01;2;1;0;2;8;19;5;
201900022080;138 265 036;A01;2;1;0;2;1;13;5;
201900022097;138 265 001;B01;0;1;0;1;1;26;5;
201900022100;138 264 998;B01;3;1;0;2;1;1;5;
201900022101;138 264 995;A01;3;1;0;2;5;18;0;
201900022132;138 264 940;A01;2;1;0;2;1;2;5;
201900022139;138 264 929;B01;1;1;0;2;1;1;5;
201900022146;138 264 915;A01;1;1;0;2;4;13;5;
201900022150;138 264 909;A01;2;1;0;1;1;1;5;
201900022186;138 264 854;A01;3;1;0;2;2;2;5;
201900022193;138 264 841;B01;2;1;0;2;6;1;0;
201900022199;138 264 833;A01;1;80;1;0;1;1;3;
201900022212;138 264 809;B01;0;80;0;2;8;1;3;
201900022223;138 264 792;B01;2;1;0;2;1;21;5;
201900022234;138 264 771;B01;3;1;0;0;6;2;5;
201900022238;138 264 764;B01;2;1;0;2;1;1;5;
201900022238;138 264 765;C01;2;1;1;2;1;1;5;
201900022270;138 264 696;A01;2;1;0;1;1;1;-1;
201900022272;138 264 693;A01;1;1;0;2;1;1;5;
201900022301;138 264 630;B01;1;1;0;2;8;19;5;
201900022317;138 264 604;B01;3;1;0;2;8;19;5;
201900022318;138 264 602;A01;0;1;0;2;7;19;5;
201900022336;138 264 568;B01;2;80;0;2;1;1;3;
201900022351;138 264 536;B01;0;1;0;2;5;1;5;
201900022357;138 264 517;B01;2;1;0;2;1;2;5;
201900022369;138 264 501;A01;2;80;0;1;1;25;3;
201900022372;138 264 494;A01;1;1;0;1;8;17;5;
201900022385;138 264 471;B01;1;1;0;2;7;19;5;
201900022421;138 264 410;C01;2;1;0;2;1;15;0;
201900022426;138 264 403;B01;2;1;0;2;0;21;5;
201900022455;138 264 352;A01;2;1;0;2;2;17;5;
201900022467;138 264 328;A01;2;1;0;0;0;1;5;
201900022483;138 264 303;B01;1;1;0;2;4;2;5;
201900022491;138 264 290;B01;0;1;0;2;8;19;5;
201900022546;138 264 185;B01;2;1;0;2;6;1;5;
201900022581;138 264 128;A01;2;1;1;0;1;26;5;
201900022582;138 264 125;B01;1;1;0;2;4;14;5;
201900022597;138 264 099;B01;1;80;0;9;8;13;3;
201900022597;138 264 100;A01;2;1;0;2;8;21;5;
201900022634;138 264 016;B01;3;80;0;2;3;0;3;
201900022635;138 264 015;A01;2;1;0;0;0;26;6;
201900022654;138 263 961;B01;2;1;0;2;1;1;5;