Num_Acc;id_vehicule;num_veh;senc;catv;obs;obsm;choc;manv;motor;occutc
201900022666;138 263 941;B01;3;1;0;2;2;1;5;
201900022674;138 263 928;B01;3;1;3;2;8;1;0;
201900022677;138 263 921;A01;3;1;0;2;5;15;5;
201900022678;138 263 920;A01;3;1;0;2;1;1;5;
201900022686;138 263 906;B01;3;1;0;2;2;1;5;
201900022687;138 263 902;B01;3;1;0;2;1;2;5;
201900022697;138 263 883;B01;3;1;0;2;2;1;5;
201900022707;138 263 861;B01;1;1;0;2;3;1;5;
201900022713;138 263 851;A01;3;1;0;2;7;1;5;
201900022721;138 263 840;B01;1;1;0;2;3;1;5;
201900022731;138 263 824;A01;1;80;0;2;1;1;3;
201900022733;138 263 820;B01;1;1;0;0;0;2;5;
201900022736;138 263 815;A01;1;1;0;1;2;1;5;
201900022751;138 263 786;A01;3;1;0;2;1;19;5;
201900022757;138 263 777;B01;3;1;0;0;4;2;5;
201900022766;138 263 758;B01;3;1;0;2;1;1;0;
201900022777;138 263 736;A01;3;1;0;0;0;1;5;
201900022787;138 263 719;A01;2;1;0;2;2;17;5;
201900022790;138 263 714;A01;1;1;0;2;1;1;5;
201900022792;138 263 711;A01;1;1;0;2;7;1;5;
201900022798;138 263 700;A01;1;80;12;0;2;13;2;
201900022874;138 263 562;B01;1;1;0;2;3;1;6;
201900022876;138 263 558;B01;1;1;0;0;0;0;0;
201900022883;138 263 545;B01;3;1;0;2;7;1;5;
201900022918;138 263 476;B01;1;1;0;2;7;1;5;
201900022937;138 263 445;B01;2;1;0;2;8;1;5;
201900022938;138 263 442;B01;1;1;0;2;6;18;0;
201900022942;138 263 434;A01;2;1;1;0;0;1;5;
201900022945;138 263 431;B01;1;1;0;2;8;15;6;
201900022951;138 263 420;A01;3;1;0;0;0;0;5;
201900022966;138 263 392;B01;3;80;0;2;1;1;3;
201900022967;138 263 390;A01;1;1;0;2;7;0;5;
201900022970;138 263 384;A01;1;1;0;2;4;1;5;
201900022992;138 263 324;A01;1;1;0;2;2;1;5;
201900023010;138 263 286;B01;2;1;0;2;7;1;5;
201900023028;138 263 243;B01;2;1;0;2;1;1;5;
201900023040;138 263 227;B01;3;1;0;2;0;15;5;
201900023045;138 263 216;B01;0;80;0;2;1;1;3;
201900023061;138 263 189;A01;2;80;1;0;1;1;3;
201900023063;138 263 187;A01;2;1;0;2;7;13;5;
201900023068;138 263 178;B01;2;1;0;2;1;17;5;
201900023072;138 263 172;B01;3;1;0;2;2;1;5;
201900023109;138 263 113;B01;2;1;0;2;1;17;5;
201900023154;138 263 025;A01;2;1;0;2;4;1;5;
201900023162;138 263 006;C01;0;1;0;2;8;1;5;
201900023165;138 262 998;B01;0;1;0;2;8;26;6;
201900023178;138 262 980;B01;2;1;0;2;7;19;5;
201900023192;138 262 939;A01;2;1;0;2;0;9;0;
201900023223;138 262 849;B01;1;1;0;2;1;1;0;
201900023224;138 262 847;B01;2;1;0;2;8;0;5;
201900023228;138 262 837;C01;1;1;0;2;4;0;5;
201900023233;138 262 827;B01;2;1;0;2;3;15;5;
201900023234;138 262 826;B01;2;1;0;2;4;1;5;
201900023245;138 262 800;B01;2;1;0;2;1;1;5;
201900023246;138 262 797;C01;2;1;0;2;1;2;5;
201900023246;138 262 799;A01;2;1;0;2;1;2;5;
201900023247;138 262 795;A01;3;1;0;2;1;1;5;
201900023255;138 262 775;A01;0;1;0;2;1;1;0;
201900023263;138 262 763;B01;3;1;0;2;7;1;5;
201900023266;138 262 754;A01;1;1;0;2;1;9;5;
201900023268;138 262 751;B01;3;1;0;2;8;1;5;
201900023274;138 262 738;B01;1;1;1;0;1;5;5;
201900023282;138 262 718;B01;0;1;0;2;0;1;5;
201900023287;138 262 703;B01;2;1;0;2;1;1;5;
201900023291;138 262 694;A01;0;1;0;2;4;19;5;
201900023298;138 262 679;B01;0;1;0;2;0;1;0;
201900023300;138 262 677;A01;1;1;0;2;0;26;5;
201900023317;138 262 647;B01;1;1;0;2;1;1;5;
201900023327;138 262 628;Y01;1;1;0;2;1;9;5;
201900023331;138 262 618;B01;1;1;0;2;1;1;0;
201900023337;138 262 609;A01;2;1;0;2;1;21;5;
201900023340;138 262 603;B01;2;1;0;2;3;1;5;
201900023371;138 262 551;B01;3;1;0;0;4;3;5;
201900023374;138 262 546;B01;1;1;0;2;4;13;5;
201900023378;138 262 536;B01;3;1;0;2;2;19;5;
201900023412;138 262 463;B01;3;1;0;2;1;1;0;
201900023458;138 262 367;B01;2;1;0;2;7;1;5;
201900023464;138 262 341;B01;2;1;0;2;1;0;0;
201900023483;138 262 287;B01;3;1;0;2;8;0;5;
201900023500;138 262 237;A01;0;1;0;0;0;0;5;
201900023525;138 262 170;A01;3;1;0;1;1;26;6;
201900023527;138 262 167;A01;3;1;0;2;1;1;5;
201900023529;138 262 163;A01;1;1;0;1;1;1;5;
201900023552;138 262 117;B01;2;1;0;2;1;1;5;
201900023592;138 262 049;C01;2;1;0;2;1;1;5;
201900023613;138 262 013;B01;2;1;0;2;8;19;5;
201900023622;138 261 999;A01;2;1;0;2;1;1;5;
201900023639;138 261 967;A01;2;1;0;2;1;1;5;
201900023661;138 261 929;B01;0;1;0;2;0;1;5;
201900023683;138 261 892;A01;2;1;0;2;4;2;5;
201900023723;138 261 797;B01;1;1;0;2;1;15;5;
201900023730;138 261 784;B01;2;1;0;2;4;1;5;
201900023731;138 261 782;B01;1;1;0;2;0;1;5;
201900023738;138 261 769;B01;2;1;0;2;1;1;5;
201900023739;138 261 767;A01;0;1;12;0;1;21;5;
201900023746;138 261 751;B01;1;1;0;2;8;19;5;
201900023747;138 261 750;A01;1;1;0;0;1;1;5;
201900023790;138 261 662;C01;1;1;0;2;6;2;5;
201900023790;138 261 663;B01;1;1;0;2;6;26;5;
201900023836;138 261 571;B01;2;1;0;2;4;1;5;
201900023850;138 261 547;A01;2;1;6;0;1;15;5;
201900023867;138 261 506;B01;2;1;0;2;3;26;6;
201900023891;138 261 460;A01;1;1;0;2;3;19;5;
201900023897;138 261 445;B01;1;1;0;2;1;1;5;
201900023898;138 261 443;A01;1;1;0;2;3;15;5;
201900023905;138 261 429;B01;1;1;0;2;1;1;5;
201900023942;138 261 351;B01;1;1;0;2;1;1;5;
201900023949;138 261 335;B01;1;1;0;2;1;0;5;
201900023951;138 261 333;B01;0;1;0;2;7;0;5;
201900023952;138 261 329;C01;2;1;0;2;3;1;5;
201900023961;138 261 311;B01;1;1;0;2;8;19;5;
201900023999;138 261 227;B01;2;1;0;2;1;19;5;
201900024015;138 261 193;A01;1;1;0;2;0;1;5;
201900024032;138 261 164;B01;2;1;0;2;8;1;5;
201900024040;138 261 151;A01;0;1;0;2;8;19;5;
201900024060;138 261 106;B01;2;1;0;2;5;5;5;
201900024080;138 261 069;B01;1;80;0;2;7;1;3;
201900024098;138 261 037;A01;2;1;0;2;4;2;5;
201900024110;138 261 010;B01;2;1;0;2;4;2;5;
201900024131;138 260 967;B01;3;1;0;2;1;1;5;
201900024147;138 260 938;B01;3;1;0;2;1;2;6;
201900024174;138 260 901;B01;3;1;0;2;2;15;5;
201900024204;138 260 845;A01;1;1;0;2;1;1;5;
201900024205;138 260 843;A01;3;1;0;2;1;1;5;
201900024206;138 260 840;B01;1;1;0;2;1;25;5;
201900024215;138 260 822;A01;3;1;0;0;0;1;5;
201900024244;138 260 763;A01;1;1;0;1;1;1;5;
201900024249;138 260 755;B01;2;1;0;2;8;1;5;
201900024265;138 260 723;A01;1;1;0;0;1;15;5;
201900024296;138 260 667;A01;2;1;0;0;1;21;5;
201900024300;138 260 662;B01;2;1;0;2;1;1;5;
201900024301;138 260 660;B01;1;1;0;2;1;1;5;
201900024306;138 260 653;B01;1;1;0;2;7;1;5;
201900024332;138 260 602;B01;2;1;0;2;8;9;5;
201900024341;138 260 581;B01;0;1;0;2;1;1;5;
201900024351;138 260 556;A01;1;1;0;2;4;19;5;
201900024361;138 260 535;A01;2;1;0;2;1;2;5;
201900024372;138 260 513;B01;1;1;0;2;4;1;5;
201900024372;138 260 514;C01;1;1;0;2;4;1;0;
201900024379;138 260 502;B01;0;1;0;2;1;1;5;
201900024385;138 260 488;A01;1;1;0;2;1;26;5;
201900024403;138 260 453;B01;3;1;12;0;8;2;0;
201900024411;138 260 441;A01;2;1;0;1;1;7;5;
201900024413;138 260 438;B01;1;1;0;2;8;19;5;
201900024425;138 260 414;B01;1;1;0;2;0;0;5;
201900024453;138 260 363;B01;2;1;0;0;4;2;5;
201900024481;138 260 303;B01;3;1;0;2;1;15;0;
201900024492;138 260 289;B01;1;1;0;0;1;1;5;
201900024506;138 260 264;A01;1;1;12;0;9;1;5;
201900024524;138 260 234;B01;3;1;0;2;1;26;5;
201900024529;138 260 223;B01;1;1;0;2;4;1;5;
201900024532;138 260 218;A01;0;1;0;2;3;1;5;
201900024536;138 260 211;B01;3;1;0;2;4;9;6;
201900024550;138 260 171;A01;0;1;15;0;1;25;5;
201900024559;138 260 157;B01;2;1;0;0;0;0;5;
201900024560;138 260 156;B01;2;1;0;2;8;1;1;
201900024579;138 260 119;A01;1;1;0;0;0;1;5;
201900024594;138 260 090;A01;1;1;0;2;8;1;5;
201900024604;138 260 064;B01;2;1;0;2;8;1;0;
201900024609;138 260 053;B01;1;1;0;2;4;1;5;
201900024617;138 260 038;B01;3;1;0;2;4;1;5;
201900024619;138 260 033;A01;1;1;0;4;1;19;5;
201900024627;138 260 021;B01;1;1;0;2;4;15;5;
201900024629;138 260 017;B01;1;1;0;2;1;1;5;
201900024632;138 260 009;C01;0;1;0;2;1;26;0;
201900024632;138 260 010;B01;3;1;0;2;1;26;5;
201900024642;138 259 989;B01;1;1;0;2;8;1;5;
201900024653;138 259 969;C01;2;1;1;0;0;5;-1;
201900024661;138 259 959;B01;1;1;0;2;0;0;0;
201900024671;138 259 940;A01;3;1;0;0;8;15;5;
201900024672;138 259 939;B01;3;1;0;2;1;1;5;
201900024711;138 259 859;B01;1;1;0;2;1;1;5;
201900024716;138 259 849;B01;2;1;0;2;1;5;5;
201900024721;138 259 838;A01;2;1;0;1;1;1;5;
201900024724;138 259 833;B01;2;1;1;0;7;17;0;
201900024741;138 259 798;B01;1;1;0;2;1;1;5;
201900024752;138 259 770;A01;0;1;0;2;1;15;5;
201900024758;138 259 758;B01;2;1;0;2;0;0;0;
201900024771;138 259 733;A01;1;1;0;2;8;1;5;
201900024776;138 259 722;A01;1;1;0;2;1;16;5;
201900024786;138 259 701;B01;0;1;0;2;9;19;5;
201900024793;138 259 689;B01;0;1;0;2;0;5;5;
201900024796;138 259 678;B01;2;80;0;0;0;0;3;
201900024817;138 259 639;B01;1;1;0;2;2;7;5;
201900024820;138 259 633;B01;1;1;0;2;1;1;5;
201900024825;138 259 625;B01;1;1;0;2;4;1;5;
201900024840;138 259 599;B01;2;1;0;2;1;1;5;
201900024863;138 259 556;A01;3;1;0;2;1;9;5;
201900024866;138 259 550;A01;2;1;0;2;7;19;5;
201900024883;138 259 511;B01;2;1;0;2;7;2;5;
201900024899;138 259 477;B01;2;1;0;2;8;1;0;
201900024904;138 259 468;B01;3;1;0;2;7;0;0;
201900024913;138 259 443;A01;2;1;0;2;1;25;5;
201900024936;138 259 401;A01;1;1;0;1;8;7;5;
201900024941;138 259 394;B01;3;1;0;2;1;1;5;
201900024942;138 259 393;B01;2;1;0;2;8;1;5;
201900024950;138 259 380;A01;2;1;0;4;1;19;5;
201900024951;138 259 379;A01;0;1;0;2;7;15;5;
201900024965;138 259 357;A01;1;1;0;1;1;1;5;
201900024966;138 259 356;B01;2;1;0;2;4;1;5;
201900024971;138 259 349;B01;0;1;0;2;1;1;5;
201900024984;138 259 324;A01;1;1;0;2;1;2;6;
201900024987;138 259 319;B01;1;1;0;2;1;1;5;
201900025008;138 259 288;A01;1;1;0;1;1;1;5;
201900025017;138 259 273;B01;3;1;0;0;0;0;0;
201900025029;138 259 249;A01;2;1;0;1;1;1;5;
201900025047;138 259 213;B01;1;1;0;2;0;1;5;
201900025054;138 259 203;B01;1;1;0;2;1;0;5;
201900025056;138 259 200;A01;1;1;0;0;0;0;5;
201900025068;138 259 181;B01;1;1;0;2;1;1;0;
201900025072;138 259 172;A01;2;1;0;2;1;1;5;
201900025073;138 259 170;A01;0;1;0;2;0;1;5;
201900025081;138 259 157;B01;0;1;0;2;4;1;0;
201900025110;138 259 104;B01;0;1;0;0;8;9;6;
201900025112;138 259 102;A01;3;1;0;2;3;5;5;
201900025114;138 259 097;A01;2;1;0;2;1;17;0;
201900025128;138 259 073;B01;2;1;0;2;9;1;5;
201900025136;138 259 058;A01;2;1;0;2;1;5;5;
201900025136;138 259 059;B01;1;1;0;2;1;1;5;
201900025140;138 259 050;A01;1;1;0;2;3;18;5;
201900025147;138 259 039;B01;1;1;0;2;4;2;5;
201900025149;138 259 034;B01;2;1;0;2;1;18;5;
201900025158;138 259 015;A01;2;1;0;2;7;19;5;
201900025167;138 258 997;B01;1;1;0;2;7;1;5;
201900025182;138 258 971;B01;1;1;0;2;7;1;5;
201900025183;138 258 968;B01;3;1;0;2;4;11;5;
201900025194;138 258 951;C01;3;1;0;2;0;21;5;
201900025194;138 258 952;B01;3;1;0;2;7;21;5;
201900025213;138 258 917;B01;2;1;0;2;7;5;5;
201900025220;138 258 906;Z01;2;1;0;1;0;1;5;
201900025231;138 258 885;B01;1;1;1;0;0;26;5;
201900025235;138 258 878;B01;1;1;0;2;1;1;0;
201900025254;138 258 841;A01;3;1;0;2;1;13;5;
201900025262;138 258 825;A01;2;1;0;2;1;1;5;
201900025327;138 258 696;B01;1;1;12;0;0;2;0;
201900025340;138 258 671;B01;2;1;0;2;4;1;5;
201900025343;138 258 666;B01;3;80;0;2;1;1;3;
201900025390;138 258 571;B01;0;1;0;0;5;1;5;
201900025399;138 258 541;B01;3;1;0;2;1;25;6;
201900025400;138 258 539;B01;3;1;0;2;8;0;5;
201900025403;138 258 534;A01;1;1;0;2;1;1;5;
201900025405;138 258 531;B01;2;1;0;2;4;1;5;
201900025406;138 258 530;B01;2;1;0;2;1;1;0;
201900025412;138 258 520;B01;2;1;0;2;7;1;5;
201900025413;138 258 518;B01;2;1;0;2;7;1;5;
201900025418;138 258 510;B01;1;1;0;2;0;1;5;
201900025421;138 258 505;A01;1;1;0;1;1;1;5;
201900025427;138 258 495;B01;2;1;0;2;7;19;5;
201900025429;138 258 492;A01;1;1;0;1;3;1;5;
201900025438;138 258 475;B01;1;1;0;2;1;1;5;
201900025443;138 258 467;A01;0;1;0;2;3;9;5;
201900025445;138 258 463;A01;0;1;0;2;2;0;5;
201900025451;138 258 451;B01;2;1;0;2;4;2;0;
201900025452;138 258 450;B01;2;1;0;2;2;1;0;
201900025464;138 258 431;B01;3;1;0;2;1;19;0;
201900025485;138 258 392;A01;1;1;0;0;0;26;5;
201900025508;138 258 353;A01;1;1;0;2;1;2;6;
201900025541;138 258 277;B01;1;1;0;2;8;1;5;
201900025612;138 258 118;A01;1;1;0;1;1;1;5;
201900025620;138 258 103;A01;2;1;0;2;2;1;5;
201900025632;138 258 076;B01;2;1;0;2;1;1;5;
201900025641;138 258 061;B01;1;1;0;2;8;19;5;
201900025642;138 258 059;B01;2;1;0;2;3;19;5;
201900025659;138 258 030;B01;2;1;0;2;8;1;5;
201900025680;138 257 993;A01;1;1;0;2;2;16;5;
201900025681;138 257 991;B01;3;1;0;2;4;2;5;
201900025690;138 257 973;B01;2;1;0;2;1;1;5;
201900025702;138 257 955;B01;1;1;0;2;2;17;5;
201900025703;138 257 954;B01;2;1;0;2;2;1;5;
201900025706;138 257 947;B01;2;1;12;2;7;1;5;
201900025709;138 257 942;B01;1;1;0;2;3;1;5;
201900025715;138 257 931;A01;2;1;0;0;8;26;5;
201900025739;138 257 887;B01;3;1;0;9;1;0;5;
201900025755;138 257 843;A01;3;1;0;2;7;19;5;
201900025784;138 257 777;B01;0;1;0;2;7;0;5;
201900025788;138 257 771;A01;2;1;1;0;1;1;5;
201900025796;138 257 756;A01;1;1;0;2;6;13;5;
201900025809;138 257 739;B01;1;1;0;2;1;1;5;
201900025810;138 257 737;A01;1;1;12;0;7;16;5;
201900025811;138 257 735;A01;1;1;0;2;1;2;5;
201900025811;138 257 736;B01;1;1;0;2;4;2;5;
201900025825;138 257 711;B01;3;1;0;2;1;9;5;
201900025848;138 257 677;A01;1;1;0;2;1;2;0;
201900025848;138 257 678;B01;1;1;0;5;1;2;0;
201900025896;138 257 581;B01;2;1;1;0;1;1;5;
201900025936;138 257 502;B01;2;1;0;2;1;1;5;
201900026006;138 257 365;B01;1;1;0;2;2;1;5;
201900026040;138 257 301;Z01;1;1;0;1;1;14;5;
201900026043;138 257 297;B01;1;1;0;2;4;1;5;
201900026045;138 257 293;B01;2;1;0;2;1;1;5;
201900026054;138 257 282;A01;1;1;0;1;1;25;5;
201900026055;138 257 279;A01;3;1;0;2;1;19;5;
201900026060;138 257 272;B01;1;1;0;2;1;26;5;
201900026065;138 257 264;B01;1;80;0;2;7;1;3;
201900026066;138 257 262;B01;1;1;0;2;7;1;0;
201900026088;138 257 216;B01;1;1;0;2;1;1;5;
201900026090;138 257 213;B01;3;1;0;2;4;19;5;
201900026092;138 257 210;B01;3;1;0;2;1;1;5;
201900026093;138 257 207;B01;1;1;0;2;3;1;5;
201900026114;138 257 158;B01;2;1;0;2;5;26;5;
201900026123;138 257 146;B01;1;1;0;2;8;19;5;
201900026129;138 257 135;A01;1;1;0;2;1;1;5;
201900026143;138 257 113;A01;2;1;1;2;3;0;5;
201900026154;138 257 089;A01;3;80;0;0;0;1;0;
201900026165;138 257 064;B01;1;1;0;2;2;0;5;
201900026191;138 257 005;B01;3;1;0;2;4;1;0;
201900026211;138 256 969;B01;1;1;0;2;8;19;5;
201900026233;138 256 937;A01;3;1;0;1;1;2;5;
201900026239;138 256 921;B01;3;1;0;2;5;1;5;
201900026280;138 256 837;B01;3;1;0;2;1;1;5;
201900026281;138 256 835;A01;3;80;0;2;4;1;3;
201900026286;138 256 825;A01;3;1;0;2;4;1;5;
201900026288;138 256 820;A01;2;80;0;0;0;1;3;
201900026290;138 256 817;A01;0;1;0;1;1;0;5;
201900026298;138 256 805;A01;1;1;14;0;1;1;5;
201900026305;138 256 794;B01;1;1;0;2;8;11;5;
201900026307;138 256 791;B01;0;1;0;2;0;1;5;
201900026314;138 256 778;A01;1;1;0;2;3;13;5;
201900026315;138 256 776;B01;1;1;0;2;8;1;5;
201900026319;138 256 768;B01;3;1;0;2;0;0;5;
201900026328;138 256 745;B01;2;1;0;2;1;1;5;
201900026366;138 256 666;B01;3;1;0;2;8;19;5;
201900026380;138 256 636;B01;2;1;0;2;1;19;5;
201900026382;138 256 631;B01;1;1;0;2;4;2;5;
201900026386;138 256 626;B01;1;1;0;2;1;1;5;
201900026391;138 256 619;A01;1;1;0;2;3;14;5;
201900026397;138 256 609;A01;2;1;0;0;0;1;5;
201900026400;138 256 605;A01;1;1;0;2;3;13;2;
201900026405;138 256 598;A01;2;1;0;1;1;7;5;
201900026409;138 256 590;Z01;1;1;0;2;1;2;5;
201900026409;138 256 591;A01;1;1;0;2;6;15;5;
201900026416;138 256 576;A01;1;1;0;2;1;3;5;
201900026421;138 256 569;Z01;0;1;0;2;5;19;5;
201900026478;138 256 459;A01;3;1;0;2;3;1;5;
201900026496;138 256 430;A01;1;1;0;2;4;13;5;
201900026498;138 256 425;A01;1;1;0;0;8;1;5;
201900026565;138 256 313;A01;2;1;0;2;7;1;5;
201900026579;138 256 289;B01;2;1;0;2;1;0;5;
201900026591;138 256 269;A01;1;80;0;0;0;25;3;
201900026599;138 256 251;A01;2;1;0;2;1;1;5;
201900026609;138 256 232;B01;1;1;0;2;2;15;5;
201900026619;138 256 217;B01;1;1;0;2;0;1;5;
201900026620;138 256 212;B01;1;1;0;2;1;1;5;
201900026621;138 256 210;B01;1;1;16;0;4;1;5;
201900026621;138 256 211;C01;1;1;16;0;4;1;5;
201900026625;138 256 202;B01;3;1;0;2;8;1;5;
201900026626;138 256 200;B01;1;1;0;2;4;1;5;
201900026626;138 256 201;C01;1;1;0;2;4;1;5;
201900026648;138 256 163;A01;2;1;0;0;6;2;5;
201900026649;138 256 160;B01;0;1;0;2;8;26;5;
201900026657;138 256 148;B01;2;1;1;0;7;17;5;
201900026670;138 256 126;A01;1;80;0;2;4;1;3;
201900026676;138 256 112;B01;1;1;0;2;8;2;5;
201900026677;138 256 109;B01;1;1;0;2;4;1;5;
201900026698;138 256 079;B01;3;1;0;2;8;16;5;
201900026781;138 255 938;C01;2;1;0;2;1;5;5;
201900026786;138 255 926;B01;2;1;0;2;1;5;5;
201900026808;138 255 883;B01;1;1;0;2;8;1;5;
201900026812;138 255 878;B01;1;1;0;2;7;1;0;
201900026817;138 255 867;B01;1;1;0;2;1;5;5;
201900026860;138 255 785;B01;2;1;0;2;4;2;5;
201900026869;138 255 770;B01;1;1;0;2;1;1;5;
201900026875;138 255 759;A01;3;80;12;0;0;0;3;
201900026877;138 255 757;A01;1;1;0;2;1;26;5;
201900026878;138 255 754;B01;1;1;0;2;8;2;5;
201900026892;138 255 730;C01;1;1;0;2;1;21;5;
201900026892;138 255 731;B01;1;1;0;9;4;21;5;
201900026896;138 255 720;A01;3;1;0;2;1;1;5;
201900026909;138 255 701;A01;1;1;0;2;1;1;5;
201900026910;138 255 698;B01;2;1;0;2;4;2;5;
201900026920;138 255 685;A01;2;1;0;0;1;1;5;
201900026939;138 255 650;B01;2;1;0;2;3;25;0;
201900026942;138 255 644;A01;2;1;6;0;1;1;5;
201900026943;138 255 640;B01;2;1;0;0;4;2;5;
201900026943;138 255 641;C01;2;1;0;0;4;2;5;
201900026943;138 255 642;D01;2;1;0;0;4;2;5;
201900026943;138 255 643;E01;2;1;0;0;4;2;5;
201900026951;138 255 626;A01;3;1;0;2;1;1;5;
201900026975;138 255 589;A01;1;1;0;2;1;2;6;
201900027014;138 255 515;B01;3;1;0;2;1;1;5;
201900027024;138 255 494;A01;2;80;0;2;4;13;3;
201900027037;138 255 472;B01;2;1;0;6;0;0;0;
201900027043;138 255 463;B01;1;1;0;2;5;1;5;
201900027046;138 255 457;A01;3;1;0;2;1;17;5;
201900027051;138 255 446;B01;2;1;0;2;0;1;0;
201900027056;138 255 439;B01;3;1;0;4;7;19;0;
201900027058;138 255 434;B01;2;1;0;2;7;1;5;
201900027059;138 255 432;B01;1;1;0;0;1;26;5;
201900027071;138 255 412;B01;2;1;0;2;8;25;5;
201900027086;138 255 389;B01;3;80;0;2;8;1;3;
201900027096;138 255 368;B01;3;1;0;2;2;1;5;
201900027113;138 255 332;B01;1;1;0;2;1;1;5;
201900027117;138 255 321;B01;2;1;0;0;4;0;5;
201900027118;138 255 319;A01;0;1;0;2;0;1;5;
201900027145;138 255 260;B01;2;1;0;2;1;9;5;
201900027145;138 255 261;A01;1;1;0;2;1;5;5;
201900027146;138 255 258;A01;1;1;0;2;1;1;5;
201900027153;138 255 247;B01;1;1;0;2;7;15;5;
201900027171;138 255 214;B01;0;1;1;2;1;0;0;
201900027187;138 255 175;B01;1;1;0;2;0;0;5;
201900027188;138 255 173;B01;1;1;0;2;0;0;5;
201900027195;138 255 163;A01;2;1;0;2;4;26;5;
201900027196;138 255 160;A01;3;1;0;1;1;25;5;
201900027197;138 255 157;B01;1;1;0;2;3;19;5;
201900027204;138 255 136;B01;3;1;0;2;8;1;5;
201900027211;138 255 117;B01;1;1;0;2;1;1;0;
201900027213;138 255 113;B01;3;1;0;2;1;13;5;
201900027239;138 255 067;B01;2;1;0;2;1;1;1;
201900027246;138 255 057;A01;3;1;0;2;1;5;5;
201900027251;138 255 042;B01;1;1;0;2;6;1;5;
201900027258;138 255 024;B01;3;1;0;2;1;19;5;
201900027266;138 255 007;B01;2;1;0;2;7;1;5;
201900027276;138 254 992;A01;1;1;0;2;1;1;5;
201900027283;138 254 981;B01;1;1;0;2;1;1;5;
201900027285;138 254 976;A01;1;1;0;6;0;0;5;
201900027285;138 254 977;Z01;1;1;0;6;0;0;5;
201900027303;138 254 931;B01;1;1;0;2;4;1;5;
201900027312;138 254 916;B01;1;1;0;2;1;16;5;
201900027317;138 254 906;A01;2;1;0;2;1;1;5;
201900027323;138 254 895;B01;1;1;0;2;7;1;0;
201900027331;138 254 883;A01;2;1;0;0;0;1;5;
201900027333;138 254 877;B01;1;1;1;0;1;1;5;
201900027342;138 254 865;B01;2;1;0;2;1;1;5;
201900027360;138 254 831;A01;1;1;0;2;1;1;5;
201900027388;138 254 790;B01;0;1;0;2;5;1;5;
201900027434;138 254 710;B01;1;1;0;2;3;1;5;
201900027439;138 254 699;A01;3;1;0;2;1;5;5;
201900027441;138 254 688;B01;3;1;0;2;1;21;0;
201900027447;138 254 678;B01;1;1;0;2;1;19;5;
201900027448;138 254 675;A01;0;1;0;2;1;5;5;
201900027456;138 254 664;B01;1;1;0;2;4;1;0;
201900027459;138 254 659;B01;2;1;0;2;3;1;5;
201900027472;138 254 638;A01;1;1;0;2;1;0;5;
201900027473;138 254 636;A01;1;80;0;2;0;0;3;
201900027476;138 254 631;B01;3;1;0;2;1;1;5;
201900027477;138 254 628;B01;3;1;0;2;8;1;0;
201900027479;138 254 624;A01;3;80;0;2;8;1;3;
201900027483;138 254 617;B01;0;1;0;2;1;1;5;
201900027530;138 254 538;B01;3;1;1;0;1;1;0;
201900027551;138 254 501;B01;1;1;0;2;0;0;0;
201900027579;138 254 445;B01;3;1;0;2;0;2;5;
201900027584;138 254 431;B01;1;1;0;2;1;1;5;
201900027595;138 254 412;B01;0;1;0;2;0;0;5;
201900027598;138 254 409;B01;1;1;0;2;5;0;5;
201900027605;138 254 398;B01;1;1;0;2;7;1;5;
201900027612;138 254 386;B01;1;1;0;2;1;1;0;
201900027621;138 254 369;C01;0;1;0;2;4;1;5;
201900027621;138 254 370;B01;0;1;0;2;4;1;5;
201900027625;138 254 360;B01;1;1;0;2;1;0;0;
201900027640;138 254 332;B01;2;80;0;2;5;26;3;
201900027663;138 254 287;B01;2;1;0;2;7;1;5;
201900027665;138 254 280;B01;1;80;0;2;1;17;2;
201900027669;138 254 274;B01;1;1;0;2;1;1;5;
201900027676;138 254 264;B01;1;1;0;2;1;13;5;
201900027680;138 254 258;Z01;1;1;0;2;1;1;5;
201900027680;138 254 259;A01;1;1;0;2;1;13;5;
201900027683;138 254 253;B01;1;1;0;2;0;17;5;
201900027683;138 254 254;A01;1;1;0;2;8;13;5;
201900027684;138 254 250;Z01;2;1;0;1;8;1;5;
201900027686;138 254 248;B01;2;1;0;2;0;1;5;
201900027700;138 254 224;B01;2;1;0;2;3;0;0;
201900027715;138 254 199;B01;3;80;0;2;1;1;3;
201900027717;138 254 196;A01;2;80;0;0;0;2;3;
201900027725;138 254 181;B01;1;1;0;2;1;1;5;
201900027730;138 254 173;Z01;1;1;0;1;0;1;5;
201900027804;138 254 040;B01;1;1;0;2;8;1;5;
201900027808;138 254 031;A01;1;1;0;0;2;1;5;
201900027812;138 254 024;B01;0;1;0;2;5;17;5;
201900027844;138 253 957;A01;3;1;0;2;4;1;0;
201900027849;138 253 951;B01;1;1;0;2;4;13;6;
201900027850;138 253 948;A01;3;1;0;0;0;26;6;
201900027871;138 253 904;B01;2;1;0;2;8;1;5;
201900027887;138 253 870;B01;1;1;0;2;4;1;5;
201900027900;138 253 843;Y01;3;1;0;2;7;19;0;
201900027901;138 253 842;A01;1;1;12;0;1;1;2;
201900027906;138 253 834;B01;1;1;0;2;1;9;0;
201900027910;138 253 828;A01;0;1;0;2;2;15;5;
201900027913;138 253 822;B01;0;1;0;2;1;1;5;