Num_Acc;id_vehicule;num_veh;senc;catv;obs;obsm;choc;manv;motor;occutc
201900027918;138 253 815;B01;1;1;0;2;1;1;5;
201900027926;138 253 799;B01;1;1;0;2;0;0;0;
201900027931;138 253 784;B01;3;1;0;2;7;0;5;
201900027941;138 253 764;A01;2;1;0;2;1;19;5;
201900027974;138 253 704;B01;3;1;0;2;7;19;5;
201900027975;138 253 703;B01;2;1;0;2;1;1;5;
201900027980;138 253 693;B01;1;1;0;0;0;1;5;
201900028039;138 253 569;A01;1;1;0;2;4;14;5;
201900028048;138 253 558;B01;3;1;0;2;8;1;5;
201900028049;138 253 555;B01;1;1;0;2;3;1;5;
201900028064;138 253 528;B01;1;1;0;2;1;1;1;
201900028082;138 253 502;A01;3;1;0;2;7;19;5;
201900028083;138 253 500;B01;2;1;0;2;5;15;5;
201900028099;138 253 472;B01;2;1;0;2;1;1;5;
201900028112;138 253 453;B01;1;1;1;0;1;1;6;
201900028115;138 253 446;B01;3;1;0;2;4;1;5;
201900028133;138 253 415;A01;3;1;0;2;1;26;0;
201900028160;138 253 372;B01;3;80;0;2;3;2;3;
201900028176;138 253 350;B01;3;1;0;2;8;19;5;
201900028177;138 253 348;B01;1;1;0;2;1;1;5;
201900028186;138 253 335;B01;2;1;0;0;4;0;5;
201900028188;138 253 332;B01;1;1;0;0;3;1;5;
201900028195;138 253 319;A01;3;1;0;2;1;13;5;
201900028202;138 253 305;D01;1;1;0;2;1;1;5;
201900028202;138 253 306;C01;1;1;0;2;1;1;5;
201900028202;138 253 307;B01;1;1;0;2;1;1;5;
201900028204;138 253 303;B01;2;1;0;2;1;1;5;
201900028227;138 253 259;B01;0;1;0;2;4;2;0;
201900028259;138 253 210;A01;2;1;0;0;0;1;5;
201900028260;138 253 209;A01;3;1;0;2;3;13;5;
201900028271;138 253 191;B01;1;80;0;2;1;13;3;
201900028296;138 253 144;A01;2;80;0;9;0;1;3;
201900028300;138 253 136;B01;3;1;0;2;1;15;5;
201900028314;138 253 110;A01;2;1;0;2;1;1;5;
201900028316;138 253 106;B01;0;1;0;0;7;26;5;
201900028317;138 253 105;A01;3;1;0;2;3;19;5;
201900028323;138 253 095;B01;2;1;0;2;1;1;5;
201900028325;138 253 089;B01;0;1;0;2;6;2;5;
201900028332;138 253 076;A01;1;1;0;2;4;1;5;
201900028340;138 253 065;B01;3;1;0;2;1;0;5;
201900028347;138 253 054;B01;1;1;0;2;2;1;5;
201900028411;138 252 914;A01;1;1;0;2;1;25;0;
201900028416;138 252 904;B01;0;1;0;2;7;26;0;
201900028416;138 252 905;C01;0;1;0;2;1;26;0;
201900028438;138 252 859;B01;2;1;0;2;7;1;5;
201900028439;138 252 857;A01;1;1;0;2;1;15;5;
201900028444;138 252 844;A01;1;1;0;2;1;2;5;
201900028450;138 252 836;B01;3;1;0;2;1;1;5;
201900028451;138 252 833;B01;3;1;0;2;1;1;5;
201900028452;138 252 831;B01;2;1;0;2;0;0;0;
201900028452;138 252 832;A01;2;1;0;2;0;26;5;
201900028455;138 252 827;A01;3;1;0;2;1;1;5;
201900028464;138 252 806;B01;3;1;0;2;1;1;5;
201900028470;138 252 789;B01;3;1;0;2;8;1;5;
201900028492;138 252 743;B01;2;1;0;2;1;1;5;
201900028498;138 252 732;B01;2;1;0;2;7;1;5;
201900028499;138 252 730;B01;3;1;0;2;4;2;5;
201900028506;138 252 717;B01;0;1;0;2;1;1;5;
201900028511;138 252 701;Z01;1;1;0;4;0;7;5;
201900028522;138 252 685;B01;2;1;0;2;2;1;5;
201900028528;138 252 669;A01;3;1;0;2;7;15;5;
201900028533;138 252 660;A01;2;1;0;2;1;2;5;
201900028540;138 252 644;B01;3;1;0;2;8;19;5;
201900028541;138 252 641;A01;2;1;0;2;1;1;5;
201900028561;138 252 610;B01;1;1;0;2;8;1;0;
201900028587;138 252 562;B01;3;1;0;2;1;1;5;
201900028598;138 252 543;B01;1;1;0;2;1;15;6;
201900028629;138 252 488;B01;1;1;0;2;3;1;5;
201900028637;138 252 474;B01;2;1;0;2;8;1;5;
201900028642;138 252 464;B01;1;1;0;2;1;15;5;
201900028646;138 252 455;A01;1;1;0;2;1;2;5;
201900028647;138 252 454;B01;2;1;1;0;7;1;0;
201900028649;138 252 450;A01;0;1;0;2;2;19;5;
201900028691;138 252 358;B01;1;1;0;2;8;0;0;
201900028698;138 252 349;B01;3;1;0;2;1;0;5;
201900028701;138 252 338;A01;1;1;0;2;1;1;5;
201900028701;138 252 339;B01;2;1;0;2;2;19;5;
201900028727;138 252 287;A01;3;1;0;2;8;13;0;
201900028732;138 252 277;B01;2;1;0;2;5;1;5;
201900028734;138 252 274;B01;3;80;0;2;1;1;3;
201900028750;138 252 237;B01;1;1;0;2;1;0;5;
201900028758;138 252 230;B01;0;1;0;0;0;1;5;
201900028775;138 252 193;B01;1;1;0;1;1;1;5;
201900028803;138 252 148;B01;3;1;0;2;1;1;0;
201900028807;138 252 138;A01;2;1;0;2;7;19;5;
201900028809;138 252 132;A01;3;1;0;2;1;1;5;
201900028811;138 252 140;B01;2;1;0;2;9;18;5;
201900028831;138 252 092;B01;3;1;0;2;8;19;5;
201900028846;138 252 065;B01;3;1;0;0;0;15;5;
201900028849;138 252 061;B01;2;1;0;2;3;1;5;
201900028851;138 252 056;B01;0;1;0;2;1;1;5;
201900028858;138 252 044;A01;1;1;0;2;7;19;5;
201900028863;138 252 034;B01;0;1;0;2;3;19;5;
201900028885;138 251 994;B01;1;1;0;2;1;1;5;
201900028892;138 251 979;B01;1;80;0;2;8;1;3;
201900028962;138 251 854;B01;1;1;0;2;7;14;5;
201900028985;138 251 817;A01;2;1;0;0;8;21;5;
201900028986;138 251 816;A01;2;1;0;1;1;1;5;
201900028994;138 251 804;A01;1;1;0;1;1;1;5;
201900028996;138 251 801;B01;1;1;0;2;0;0;5;
201900028997;138 251 799;B01;1;1;0;2;9;1;5;
201900029000;138 251 795;A01;1;1;14;0;3;0;5;
201900029002;138 251 793;A01;1;1;0;0;0;26;5;
201900029004;138 251 790;A01;1;1;0;0;0;26;5;
201900029007;138 251 786;A01;1;1;0;0;9;0;5;
201900029010;138 251 782;Y01;1;1;0;0;0;0;5;
201900029017;138 251 774;B01;0;1;0;2;8;15;5;
201900029020;138 251 770;A01;1;1;0;0;1;14;5;
201900029030;138 251 755;A01;1;1;0;2;1;2;5;
201900029031;138 251 753;A01;2;1;0;2;8;1;5;
201900029034;138 251 748;B01;0;1;0;2;4;1;5;
201900029039;138 251 738;B01;0;1;0;2;1;1;5;
201900029039;138 251 739;A01;0;1;9;2;1;1;5;
201900029043;138 251 728;A01;0;1;0;2;1;1;5;
201900029044;138 251 727;A01;0;1;0;1;1;2;5;
201900029049;138 251 719;A01;2;1;12;0;7;14;5;
201900029056;138 251 706;A01;1;1;0;2;1;18;5;
201900029070;138 251 679;B01;3;1;0;2;7;1;5;
201900029078;138 251 667;B01;1;1;0;2;7;1;5;
201900029137;138 251 547;B01;2;1;0;2;1;1;5;
201900029141;138 251 540;A01;3;1;0;0;8;19;5;
201900029143;138 251 537;B01;3;1;0;2;7;19;5;
201900029156;138 251 516;B01;1;1;0;2;3;1;5;
201900029163;138 251 505;A01;2;1;0;0;2;1;5;
201900029165;138 251 501;A01;3;1;0;0;1;0;5;
201900029174;138 251 486;A01;3;1;0;0;0;1;5;
201900029175;138 251 484;B01;3;1;0;2;5;21;5;
201900029258;138 251 321;B01;3;1;0;2;7;19;0;
201900029264;138 251 305;A01;1;1;0;2;8;15;5;
201900029267;138 251 298;B01;2;1;0;2;1;17;5;
201900029309;138 251 222;B01;3;1;0;2;1;17;5;
201900029376;138 251 085;B01;1;1;0;2;7;1;5;
201900029384;138 251 067;B01;2;1;0;2;1;1;5;
201900029411;138 251 006;B01;2;1;0;2;4;1;5;
201900029467;138 250 879;A01;2;1;1;0;1;5;0;
201900029470;138 250 873;B01;1;1;0;2;8;9;0;
201900029481;138 250 845;A01;1;1;0;2;0;1;5;
201900029491;138 250 823;B01;1;1;0;2;1;1;5;
201900029492;138 250 821;B01;3;1;0;2;8;1;5;
201900029498;138 250 807;B01;1;1;0;2;4;2;5;
201900029519;138 250 766;B01;1;80;0;2;1;1;2;
201900029520;138 250 763;B01;2;1;0;2;2;1;5;
201900029521;138 250 761;B01;2;1;0;2;1;19;5;
201900029527;138 250 751;A01;1;1;0;0;0;1;5;
201900029529;138 250 749;A01;2;1;0;0;7;16;5;
201900029535;138 250 739;B01;3;1;0;0;4;1;6;
201900029538;138 250 735;A01;0;1;0;2;1;1;5;
201900029541;138 250 731;B01;1;1;0;2;0;19;5;
201900029559;138 250 697;B01;2;1;0;2;1;8;5;
201900029567;138 250 681;B01;1;1;0;2;8;1;5;
201900029574;138 250 669;A01;3;1;0;2;4;2;5;
201900029580;138 250 660;A01;1;1;0;1;8;1;5;
201900029583;138 250 656;B01;1;1;0;2;2;25;5;
201900029607;138 250 616;B01;1;1;0;2;3;1;5;
201900029641;138 250 554;A01;1;1;0;2;5;19;5;
201900029677;138 250 477;B01;1;1;0;2;1;1;1;
201900029682;138 250 468;B01;3;80;0;2;8;15;3;
201900029704;138 250 435;B01;1;1;0;2;3;13;5;
201900029705;138 250 433;A01;3;1;9;0;0;0;0;
201900029720;138 250 406;A01;2;1;0;0;1;0;5;
201900029724;138 250 402;B01;1;1;0;1;2;1;5;
201900029857;138 250 186;B01;1;1;13;0;8;1;5;
201900029883;138 250 140;B01;3;1;0;2;1;13;5;
201900029885;138 250 136;B01;3;1;0;2;8;1;5;
201900029887;138 250 134;B01;2;1;0;2;0;2;5;
201900029905;138 250 103;B01;3;1;0;2;1;1;5;
201900029927;138 250 069;B01;1;1;0;0;8;10;5;
201900029928;138 250 068;B01;2;1;0;2;2;1;0;
201900030008;138 249 893;B01;3;1;0;2;2;15;5;
201900030012;138 249 876;B01;1;1;0;2;4;1;5;
201900030013;138 249 874;B01;3;1;0;2;1;1;5;
201900030018;138 249 865;A01;3;1;0;2;2;0;5;
201900030024;138 249 856;A01;1;1;0;2;1;26;5;
201900030027;138 249 847;A01;1;1;0;2;1;1;5;
201900030028;138 249 842;B01;2;1;0;6;1;26;5;
201900030030;138 249 840;B01;1;1;0;2;9;0;5;
201900030032;138 249 836;B01;1;80;0;2;0;0;3;
201900030033;138 249 833;B01;1;1;0;2;8;19;5;
201900030036;138 249 828;B01;3;1;0;2;4;11;0;
201900030040;138 249 817;B01;1;1;0;2;8;18;5;
201900030042;138 249 813;B01;3;1;0;2;1;1;0;
201900030054;138 249 794;B01;2;1;0;2;1;1;0;
201900030065;138 249 771;A01;2;1;0;1;1;7;5;
201900030069;138 249 764;B01;1;1;0;2;4;1;5;
201900030071;138 249 761;A01;2;1;0;2;8;19;5;
201900030072;138 249 759;A01;2;1;0;2;6;13;5;
201900030073;138 249 757;A01;2;1;0;2;7;1;5;
201900030074;138 249 755;B01;2;1;0;2;1;18;5;
201900030078;138 249 750;B01;1;1;0;2;7;1;5;
201900030080;138 249 746;B01;1;1;1;0;1;22;5;
201900030104;138 249 697;A01;2;80;0;0;0;26;3;
201900030118;138 249 672;A01;1;1;0;2;1;17;5;
201900030119;138 249 670;B01;2;1;0;2;7;17;5;
201900030120;138 249 668;B01;2;80;0;2;1;1;3;
201900030122;138 249 665;B01;2;1;0;2;4;17;5;
201900030123;138 249 663;A01;2;1;0;2;1;19;5;
201900030150;138 249 614;B01;2;1;0;2;1;23;6;
201900030159;138 249 594;B01;3;1;0;2;3;1;5;
201900030160;138 249 593;B01;1;1;0;2;1;1;5;
201900030177;138 249 561;B01;1;1;0;2;4;15;5;
201900030193;138 249 532;A01;1;1;0;6;1;1;5;
201900030194;138 249 530;B01;1;1;0;2;1;1;5;
201900030216;138 249 481;B01;1;1;0;2;1;2;5;
201900030222;138 249 466;B01;1;1;0;2;4;13;5;
201900030233;138 249 442;B01;3;80;0;2;5;1;3;
201900030244;138 249 416;A01;1;1;0;2;1;5;5;
201900030250;138 249 403;A01;1;1;0;2;1;2;5;
201900030262;138 249 378;A01;1;1;12;2;5;18;5;
201900030274;138 249 353;B01;1;80;0;2;7;1;3;
201900030275;138 249 351;B01;1;1;0;2;1;1;5;
201900030276;138 249 348;B01;2;1;0;2;1;1;5;
201900030287;138 249 331;B01;2;1;0;2;1;17;5;
201900030302;138 249 302;B01;3;1;0;2;1;1;5;
201900030304;138 249 298;B01;1;1;0;2;2;1;5;
201900030326;138 249 263;B01;2;1;0;2;1;2;5;
201900030328;138 249 256;B01;2;1;0;0;8;19;0;
201900030344;138 249 228;B01;3;1;0;2;4;1;5;
201900030369;138 249 184;B01;1;1;0;2;1;1;5;
201900030380;138 249 167;B01;1;1;0;2;4;1;5;
201900030395;138 249 147;A01;2;1;0;2;1;13;5;
201900030412;138 249 120;B01;1;1;0;2;3;15;5;
201900030417;138 249 114;B01;2;1;0;2;8;1;5;
201900030454;138 249 048;A01;1;1;0;2;1;16;5;
201900030466;138 249 028;A01;2;1;0;0;0;21;5;
201900030472;138 249 018;A01;2;1;0;2;2;1;5;
201900030474;138 249 014;B01;2;1;0;2;1;1;5;
201900030476;138 249 011;A01;1;1;0;1;1;1;5;
201900030478;138 249 008;A01;2;80;0;1;2;1;3;
201900030481;138 249 003;A01;2;1;0;2;1;7;5;
201900030482;138 249 002;B01;2;1;0;2;6;1;5;
201900030483;138 248 999;B01;2;1;0;2;3;1;5;
201900030489;138 248 989;B01;1;1;0;2;0;7;5;
201900030490;138 248 988;A01;1;1;0;1;1;1;5;
201900030496;138 248 977;B01;1;1;4;2;7;17;5;
201900030498;138 248 972;B01;1;1;0;2;2;19;5;
201900030521;138 248 929;B01;0;1;0;2;4;19;5;
201900030526;138 248 922;A01;3;1;0;0;0;25;5;
201900030550;138 248 879;B01;1;1;0;2;1;19;5;
201900030555;138 248 872;A01;3;1;0;2;7;0;0;
201900030567;138 248 847;B01;3;1;0;2;8;25;5;
201900030581;138 248 825;A01;2;1;0;0;0;1;5;
201900030600;138 248 796;B01;2;1;0;0;4;1;2;
201900030614;138 248 775;B01;1;1;0;2;1;1;0;
201900030636;138 248 738;B01;2;1;0;2;1;1;5;
201900030656;138 248 698;B01;2;1;0;2;4;2;5;
201900030657;138 248 695;B01;1;1;0;2;6;1;5;
201900030661;138 248 688;A01;2;1;0;2;1;1;5;
201900030676;138 248 659;B01;1;1;0;2;7;1;5;
201900030679;138 248 655;A01;3;1;8;0;1;21;5;
201900030682;138 248 646;B01;2;1;0;2;6;1;5;
201900030716;138 248 573;A01;3;1;0;1;1;2;0;
201900030720;138 248 566;B01;2;1;0;2;2;1;5;
201900030726;138 248 555;A01;2;1;0;2;7;1;5;
201900030733;138 248 539;A01;1;1;0;2;1;1;5;
201900030756;138 248 502;B01;2;1;0;2;1;2;5;
201900030762;138 248 492;B01;3;1;0;0;4;2;5;
201900030762;138 248 493;A01;3;1;0;9;4;2;5;
201900030772;138 248 476;B01;2;1;0;2;8;1;6;
201900030774;138 248 471;A01;1;1;0;2;8;1;5;
201900030798;138 248 424;B01;1;1;0;2;8;1;5;
201900030819;138 248 385;B01;2;1;0;2;1;1;6;
201900030823;138 248 379;B01;2;1;0;0;8;1;5;
201900030832;138 248 366;B01;3;1;0;2;0;0;0;
201900030833;138 248 364;B01;1;1;0;2;1;1;5;
201900030842;138 248 347;B01;1;1;0;2;1;1;0;
201900030850;138 248 331;B01;2;80;1;0;1;17;3;
201900030856;138 248 322;B01;3;1;0;2;0;0;5;
201900030858;138 248 319;C01;1;1;0;2;1;2;0;
201900030859;138 248 317;B01;2;1;0;2;4;1;5;
201900030869;138 248 298;A01;0;1;0;2;1;19;5;
201900030872;138 248 294;B01;1;1;0;2;4;1;5;
201900030875;138 248 286;B01;0;1;0;2;1;1;5;
201900030885;138 248 268;A01;0;1;0;1;2;1;5;
201900030907;138 248 230;B01;0;1;0;2;0;1;5;
201900030908;138 248 228;B01;2;1;0;0;8;1;5;
201900030910;138 248 226;B01;0;1;0;2;1;1;5;
201900030916;138 248 209;B01;2;1;0;2;3;1;5;
201900030918;138 248 206;B01;0;1;0;2;4;9;5;
201900030920;138 248 202;B01;0;1;0;2;4;1;5;
201900030922;138 248 199;A01;1;1;0;2;8;1;5;
201900030926;138 248 191;B01;0;1;0;2;4;1;5;
201900030942;138 248 161;B01;2;1;0;0;0;1;5;
201900030946;138 248 153;A01;1;1;0;4;7;19;5;
201900030948;138 248 148;A01;1;1;0;2;1;19;5;
201900030949;138 248 146;B01;1;1;0;0;0;0;0;
201900030954;138 248 139;A01;1;1;0;0;4;1;5;
201900030956;138 248 135;B01;1;1;0;2;3;11;5;
201900030959;138 248 130;B01;1;1;0;2;4;1;5;
201900030966;138 248 119;A01;3;1;15;0;1;16;5;
201900030969;138 248 112;B01;1;1;0;2;8;1;5;
201900030970;138 248 109;A01;0;1;0;2;1;1;5;
201900030972;138 248 106;A01;0;80;0;2;1;5;3;
201900030973;138 248 104;B01;1;1;0;2;8;19;5;
201900030976;138 248 098;A01;2;1;0;2;8;19;0;
201900030977;138 248 096;B01;1;1;0;2;4;1;6;
201900030982;138 248 086;B01;1;1;0;2;1;1;5;
201900030992;138 248 065;A01;0;1;0;2;1;19;5;
201900030995;138 248 060;B01;0;1;0;2;7;1;5;
201900031032;138 247 990;A01;2;1;0;1;1;1;5;
201900031039;138 247 973;B01;2;1;0;2;8;1;5;
201900031053;138 247 952;A01;1;1;0;1;1;2;0;
201900031072;138 247 921;B01;3;80;0;2;7;1;3;
201900031077;138 247 912;B01;1;1;0;2;4;1;5;
201900031107;138 247 848;B01;1;1;0;2;1;1;5;
201900031111;138 247 840;B01;1;1;0;2;8;1;6;
201900031120;138 247 823;A01;3;1;0;0;0;0;5;
201900031149;138 247 768;B01;0;1;0;2;2;19;5;
201900031155;138 247 754;A01;2;1;0;2;2;1;5;
201900031165;138 247 733;B01;1;1;0;2;1;1;5;
201900031167;138 247 729;B01;3;1;0;2;4;2;5;
201900031202;138 247 668;B01;1;1;1;0;0;17;5;
201900031211;138 247 651;B01;1;1;0;2;1;1;5;
201900031217;138 247 636;B01;1;1;0;2;1;5;5;
201900031219;138 247 633;B01;1;1;0;2;4;1;5;
201900031227;138 247 618;A01;1;1;0;0;0;1;5;
201900031255;138 247 573;B01;1;1;0;2;1;1;0;
201900031271;138 247 541;B01;2;1;0;0;7;2;6;
201900031295;138 247 490;A01;1;1;8;0;1;1;5;
201900031296;138 247 489;B01;1;1;0;2;7;7;5;
201900031327;138 247 443;B01;1;1;0;2;2;1;5;
201900031333;138 247 433;A01;3;1;0;4;2;1;5;
201900031335;138 247 430;B01;1;1;0;2;8;0;5;
201900031336;138 247 426;C01;3;1;0;0;0;1;5;
201900031336;138 247 427;B01;3;1;0;2;1;1;5;
201900031357;138 247 390;A01;1;1;0;0;1;14;5;
201900031368;138 247 372;B01;1;1;0;2;8;1;5;
201900031368;138 247 373;A01;1;1;0;2;7;14;5;
201900031373;138 247 364;B01;0;1;0;2;7;15;0;
201900031374;138 247 363;A01;1;1;0;2;7;14;5;
201900031419;138 247 287;B01;0;1;0;2;1;1;1;
201900031467;138 247 199;B01;3;1;0;2;3;15;5;
201900031477;138 247 173;B01;0;1;0;2;8;1;5;
201900031494;138 247 139;B01;3;1;0;2;7;1;5;
201900031495;138 247 136;B01;2;1;0;2;1;1;5;
201900031496;138 247 135;A01;2;1;0;2;1;1;5;
201900031498;138 247 130;A01;1;1;0;2;1;5;5;
201900031539;138 247 046;B01;1;1;0;9;1;1;5;
201900031539;138 247 047;A01;2;1;0;9;1;1;5;
201900031553;138 247 025;B01;2;1;0;2;1;5;5;
201900031559;138 247 018;A01;0;1;0;0;5;15;5;
201900031560;138 247 016;A01;1;1;0;2;8;13;5;
201900031624;138 246 895;B01;1;1;0;2;6;2;0;
201900031637;138 246 871;B01;0;1;0;2;1;1;5;
201900031639;138 246 867;B01;3;1;0;2;1;1;5;
201900031650;138 246 846;B01;1;1;0;2;7;1;0;
201900031651;138 246 843;B01;1;1;0;2;8;1;5;
201900031657;138 246 835;A01;2;1;0;0;1;1;5;
201900031668;138 246 819;B01;1;1;0;2;7;1;5;
201900031669;138 246 816;A01;2;1;0;2;1;5;5;
201900031722;138 246 733;A01;1;1;0;0;0;0;5;
201900031754;138 246 672;B01;1;1;0;2;1;1;0;
201900031762;138 246 657;B01;2;1;0;2;1;8;5;
201900031775;138 246 632;B01;2;1;0;2;1;9;0;
201900031781;138 246 622;B01;3;1;0;2;8;19;5;
201900031789;138 246 604;C01;1;1;0;2;1;1;5;
201900031800;138 246 585;A01;1;1;0;0;7;13;5;
201900031801;138 246 582;A01;3;1;0;1;1;1;5;
201900031809;138 246 572;B01;2;1;0;2;1;1;6;
201900031813;138 246 565;A01;1;1;0;2;8;14;0;
201900031814;138 246 562;B01;1;1;0;2;1;1;0;
201900031815;138 246 561;A01;1;1;0;2;1;1;5;
201900031825;138 246 540;B01;3;1;0;0;7;19;5;
201900031842;138 246 507;B01;1;1;0;2;3;13;0;
201900031847;138 246 500;A01;1;1;0;0;4;13;5;
201900031850;138 246 494;A01;1;1;0;0;6;1;5;
201900031864;138 246 469;B01;3;1;0;2;3;1;5;
201900031866;138 246 463;B01;2;1;0;2;8;15;5;
201900031875;138 246 445;A01;1;1;0;0;1;2;5;
201900031906;138 246 388;B01;1;1;0;2;4;1;5;
201900031912;138 246 381;B01;3;1;0;0;1;19;5;
201900031913;138 246 377;B01;2;1;0;2;8;0;5;
201900031934;138 246 335;A01;0;1;0;0;0;1;5;
201900031955;138 246 291;A01;2;1;0;2;3;11;5;
201900031963;138 246 275;B01;3;1;0;2;7;19;5;
201900031965;138 246 273;B01;3;1;0;2;5;16;5;
201900031967;138 246 270;A01;0;1;0;0;0;0;5;
201900031970;138 246 262;A01;2;1;0;2;3;16;5;
201900031976;138 246 249;B01;3;1;1;0;1;2;5;
201900031985;138 246 228;B01;3;1;0;2;8;1;5;
201900031999;138 246 189;B01;2;1;0;2;8;0;0;
201900032022;138 246 138;A01;1;1;0;2;6;1;5;
201900032030;138 246 116;A01;3;1;0;2;5;19;5;
201900032034;138 246 108;A01;1;1;0;2;1;0;5;
201900032035;138 246 111;A01;3;1;12;0;1;1;5;
201900032037;138 246 106;A01;0;1;0;-1;0;0;5;
201900032063;138 246 057;A01;1;1;0;2;1;1;6;
201900032086;138 246 019;A01;1;1;0;2;8;19;5;
201900032097;138 245 998;B01;2;1;1;0;2;2;5;
201900032118;138 245 958;B01;1;1;0;0;0;19;5;
201900032169;138 245 867;A01;1;1;0;2;8;19;5;
201900032178;138 245 850;B01;2;1;0;2;4;1;5;
201900032193;138 245 822;B01;1;1;0;2;7;5;5;
201900032209;138 245 787;C01;3;1;0;2;1;1;5;
201900032209;138 245 788;B01;3;1;0;2;1;1;5;
201900032209;138 245 789;A01;3;1;0;2;1;1;5;
201900032215;138 245 779;B01;1;1;0;2;7;15;5;
201900032221;138 245 768;B01;1;1;0;2;1;1;5;
201900032234;138 245 749;B01;1;1;0;2;7;1;5;
201900032362;138 245 463;A01;1;1;0;2;1;11;5;
201900032376;138 245 438;B01;2;1;0;2;1;25;5;
201900032382;138 245 429;B01;1;1;0;2;8;0;0;
201900032394;138 245 411;B01;0;1;0;2;1;1;5;
201900032399;138 245 401;B01;2;1;0;2;1;1;5;
201900032403;138 245 393;A01;2;1;0;2;1;5;5;
201900032414;138 245 365;A01;3;1;0;2;8;26;6;
201900032420;138 245 356;B01;2;1;0;2;1;1;5;
201900032421;138 245 353;B01;2;1;1;0;1;1;5;
201900032423;138 245 350;A01;1;1;0;1;1;1;5;
201900032429;138 245 338;B01;0;1;0;2;1;0;5;
201900032441;138 245 321;B01;1;1;0;2;1;1;5;
201900032442;138 245 319;B01;1;1;0;2;3;19;5;
201900032460;138 245 286;B01;2;1;0;2;2;7;5;
201900032482;138 245 251;B01;2;1;0;2;1;1;5;
201900032515;138 245 192;A01;2;1;0;2;1;5;5;
201900032526;138 245 170;A01;3;1;0;1;1;1;5;
201900032528;138 245 168;A01;0;80;0;0;5;1;3;
201900032532;138 245 160;B01;3;1;0;2;1;1;6;
201900032533;138 245 158;B01;2;1;0;2;4;1;5;
201900032542;138 245 146;B01;2;1;0;2;1;23;5;
201900032544;138 245 142;B01;2;1;0;2;1;1;5;
201900032557;138 245 119;A01;1;1;0;2;1;17;6;
201900032571;138 245 099;A01;2;1;0;0;0;1;5;
201900032627;138 244 964;B01;2;1;0;2;8;1;5;
201900032631;138 244 949;C01;2;1;0;2;6;19;5;
201900032631;138 244 950;B01;2;1;0;2;3;19;5;
201900032636;138 244 940;A01;1;1;0;0;0;1;5;
201900032646;138 244 924;B01;3;1;0;2;3;1;5;
201900032649;138 244 917;A01;0;1;0;2;7;19;5;
201900032675;138 244 855;C01;1;1;0;2;3;1;5;
201900032675;138 244 856;B01;1;1;0;2;1;1;5;
201900032675;138 244 857;D01;1;1;0;2;1;1;5;
201900032696;138 244 808;B01;1;1;0;2;4;2;5;
201900032699;138 244 802;B01;0;1;0;2;1;1;5;
201900032700;138 244 796;B01;3;1;0;2;4;1;5;
201900032703;138 244 791;B01;3;80;0;2;5;15;3;
201900032710;138 244 775;A01;2;1;0;2;3;5;0;
201900032713;138 244 769;A01;3;1;0;1;1;25;5;
201900032714;138 244 767;B01;3;1;0;6;8;2;5;
201900032714;138 244 768;A01;3;1;0;6;7;1;5;
201900032716;138 244 763;A01;1;1;0;2;3;5;5;
201900032717;138 244 762;A01;2;1;0;2;1;26;5;
201900032728;138 244 735;A01;3;1;0;0;0;0;5;
201900032734;138 244 725;B01;2;1;0;2;8;1;5;
201900032737;138 244 719;B01;1;80;0;2;0;1;5;
201900032764;138 244 663;B01;2;1;0;0;4;15;5;
201900032767;138 244 660;B01;2;1;0;2;8;1;5;
201900032772;138 244 652;A01;1;1;0;2;2;26;5;
201900032774;138 244 648;B01;1;1;0;2;3;1;5;
201900032775;138 244 646;B01;3;1;0;2;8;19;5;
201900032783;138 244 631;A01;1;1;0;2;1;1;5;
201900032784;138 244 628;B01;1;1;0;2;1;1;5;
201900032786;138 244 625;B01;2;1;0;2;1;1;5;
201900032787;138 244 623;B01;1;1;0;2;4;1;5;
201900032788;138 244 621;B01;3;1;0;2;1;1;5;
201900032799;138 244 595;D01;2;1;0;2;9;1;5;
201900032859;138 244 481;B01;1;1;0;2;1;1;5;
201900032889;138 244 408;A01;1;1;0;2;4;15;5;
201900032901;138 244 380;B01;0;1;0;2;1;1;5;
201900032934;138 244 310;A01;2;1;0;2;1;15;5;
201900032941;138 244 297;B01;3;1;0;2;7;0;5;
201900032954;138 244 276;A01;3;1;0;0;8;26;5;
201900032956;138 244 273;B01;2;1;0;2;4;1;5;
201900032957;138 244 271;B01;2;1;0;2;7;1;5;
201900032988;138 244 214;B01;1;1;0;2;1;1;0;
201900032988;138 244 215;A01;2;1;0;2;1;1;0;
201900032990;138 244 211;B01;2;1;0;2;6;12;5;
201900032992;138 244 206;A01;3;1;0;2;7;19;5;
201900032992;138 244 210;B01;0;1;0;2;1;1;5;
201900033018;138 244 162;A01;2;1;0;1;1;1;5;
201900033023;138 244 153;B01;2;1;0;2;7;19;5;
201900033034;138 244 131;B01;1;1;0;2;3;18;5;
201900033036;138 244 129;B01;1;1;0;2;1;1;5;
201900033037;138 244 125;A01;1;1;0;1;1;25;5;
201900033040;138 244 121;A01;2;80;0;1;1;1;2;
201900033046;138 244 108;A01;1;1;0;1;1;5;5;
201900033051;138 244 097;B01;2;1;0;2;8;18;5;
201900033053;138 244 095;A01;2;1;0;0;1;21;5;