Num_Acc;id_vehicule;num_veh;senc;catv;obs;obsm;choc;manv;motor;occutc
201900033058;138 244 087;B01;2;1;0;2;1;5;5;
201900033087;138 244 036;B01;1;1;0;2;1;0;5;
201900033096;138 244 028;B01;2;1;0;2;8;19;0;
201900033098;138 244 021;A01;3;1;0;2;4;14;5;
201900033104;138 244 012;A01;1;1;14;0;1;1;5;
201900033112;138 243 998;A01;2;1;0;0;1;1;5;
201900033116;138 243 989;B01;0;1;0;0;4;2;5;
201900033126;138 243 971;B01;2;1;0;0;0;2;5;
201900033138;138 243 951;B01;1;1;0;2;8;1;5;
201900033168;138 243 891;B01;1;1;0;2;6;13;5;
201900033183;138 243 857;B01;3;1;0;2;1;19;5;
201900033184;138 243 855;A01;2;1;0;2;1;1;5;
201900033188;138 243 847;A01;2;1;0;0;1;2;5;
201900033188;138 243 848;B01;2;1;0;0;4;2;5;
201900033216;138 243 810;B01;3;1;0;2;1;1;5;
201900033232;138 243 780;B01;1;1;0;2;0;0;5;
201900033242;138 243 761;B01;2;1;0;2;0;0;0;
201900033247;138 243 754;B01;3;1;0;2;7;1;5;
201900033260;138 243 717;A01;1;80;0;2;1;2;3;
201900033279;138 243 671;B01;1;1;0;2;8;0;5;
201900033280;138 243 669;B01;2;1;0;2;1;1;5;
201900033284;138 243 663;B01;1;1;0;2;4;1;5;
201900033318;138 243 594;B01;3;1;0;2;1;1;5;
201900033331;138 243 568;A01;2;80;0;2;1;2;2;
201900033332;138 243 564;B01;1;1;0;2;3;1;5;
201900033339;138 243 552;A01;1;1;0;2;8;13;5;
201900033339;138 243 553;B01;1;1;0;2;7;17;5;
201900033341;138 243 549;A01;1;1;0;1;2;1;5;
201900033354;138 243 530;A01;1;1;0;1;1;25;6;
201900033359;138 243 522;A01;3;1;0;2;5;19;5;
201900033380;138 243 468;B01;3;80;0;2;7;19;3;
201900033381;138 243 467;B01;1;1;0;2;0;0;5;
201900033385;138 243 458;A01;3;1;0;2;1;19;5;
201900033391;138 243 446;B01;3;1;0;2;1;19;5;
201900033402;138 243 426;B01;3;80;0;2;1;9;3;
201900033441;138 243 357;A01;1;1;0;1;1;1;5;
201900033445;138 243 350;B01;2;1;0;2;2;1;5;
201900033463;138 243 317;B01;2;1;0;2;1;21;5;
201900033468;138 243 305;B01;2;1;0;2;2;1;5;
201900033469;138 243 304;B01;3;1;0;2;1;19;5;
201900033471;138 243 300;A01;2;1;0;2;1;2;5;
201900033476;138 243 293;A01;2;1;2;0;4;1;5;
201900033481;138 243 284;B01;3;1;0;0;4;2;5;
201900033486;138 243 273;B01;1;1;0;0;3;1;5;
201900033487;138 243 272;B01;1;1;0;2;1;1;5;
201900033493;138 243 258;A01;2;1;0;2;1;13;5;
201900033495;138 243 255;B01;2;1;0;2;4;1;5;
201900033495;138 243 256;A01;2;1;0;2;1;1;5;
201900033497;138 243 252;B01;1;1;0;2;7;1;5;
201900033511;138 243 230;A01;3;1;0;0;8;9;5;
201900033512;138 243 228;B01;1;1;0;2;8;1;5;
201900033522;138 243 209;C01;2;1;0;2;0;1;5;
201900033522;138 243 210;B01;2;1;0;2;8;13;5;
201900033524;138 243 206;B01;3;1;0;2;7;26;0;
201900033563;138 243 130;B01;1;1;0;2;4;19;5;
201900033570;138 243 114;B01;2;1;0;2;4;14;0;
201900033590;138 243 079;B01;2;1;0;2;1;1;0;
201900033601;138 243 062;A01;1;1;16;0;0;1;5;
201900033612;138 243 045;C01;2;1;0;2;6;1;5;
201900033644;138 242 984;B01;3;1;0;2;5;1;5;
201900033645;138 242 982;A01;2;1;0;2;1;9;5;
201900033648;138 242 977;B01;3;1;0;2;1;1;5;
201900033722;138 242 830;B01;0;1;1;0;1;1;0;
201900033724;138 242 828;A01;1;1;0;2;4;1;5;
201900033731;138 242 817;B01;2;1;0;0;1;1;5;
201900033732;138 242 815;B01;1;1;0;2;1;1;5;
201900033739;138 242 800;B01;3;1;1;0;0;26;5;
201900033753;138 242 775;B01;1;1;0;2;3;1;5;
201900033759;138 242 763;B01;3;1;0;2;3;2;5;
201900033763;138 242 754;B01;3;1;0;2;2;1;5;
201900033763;138 242 755;A01;3;1;0;0;0;15;5;
201900033764;138 242 752;B01;1;1;0;0;4;2;5;
201900033792;138 242 703;A01;1;80;0;1;1;21;3;
201900033805;138 242 674;A01;0;1;0;2;1;13;5;
201900033807;138 242 669;A01;0;1;0;2;1;19;5;
201900033811;138 242 662;B01;2;1;0;2;4;19;5;
201900033815;138 242 655;A01;2;1;12;0;1;14;5;
201900033819;138 242 646;A01;3;80;0;2;7;16;3;
201900033822;138 242 642;B01;0;1;0;2;7;17;5;
201900033823;138 242 640;B01;0;1;0;2;0;1;0;
201900033825;138 242 635;A01;2;1;0;2;8;0;0;
201900033828;138 242 631;A01;3;1;0;2;1;25;5;
201900033831;138 242 625;B01;2;1;0;2;1;1;5;
201900033839;138 242 603;B01;2;1;0;2;3;1;5;
201900033845;138 242 593;B01;1;1;0;2;4;2;5;
201900033883;138 242 520;C01;2;1;0;2;4;1;5;
201900033886;138 242 515;B01;1;1;0;2;8;2;5;
201900033909;138 242 475;A01;1;1;0;0;1;14;5;
201900033913;138 242 469;B01;1;1;0;2;7;1;0;
201900033913;138 242 470;C01;1;1;0;2;5;1;0;
201900033925;138 242 449;B01;2;1;0;2;1;1;5;
201900033930;138 242 439;B01;2;1;0;2;3;1;5;
201900033939;138 242 423;A01;1;1;1;0;1;14;5;
201900033943;138 242 417;A01;2;1;0;2;4;1;5;
201900033945;138 242 411;A01;1;1;0;2;2;17;5;
201900033990;138 242 328;B01;2;1;0;2;1;1;5;
201900033993;138 242 323;A01;2;1;16;0;1;1;5;
201900034001;138 242 313;B01;2;80;0;2;1;5;-1;
201900034009;138 242 298;A01;2;1;0;0;1;21;5;
201900034022;138 242 256;B01;1;1;0;2;7;1;0;
201900034048;138 242 207;A01;3;1;0;2;1;15;5;
201900034070;138 242 165;B01;1;1;0;2;7;26;5;
201900034072;138 242 161;B01;3;1;0;2;1;16;5;
201900034075;138 242 154;B01;3;1;0;2;0;19;5;
201900034079;138 242 147;A01;1;1;6;0;0;13;5;
201900034095;138 242 119;A01;2;1;0;0;0;1;5;
201900034108;138 242 092;B01;3;1;0;2;1;1;5;
201900034121;138 242 066;B01;3;1;0;2;1;1;0;
201900034122;138 242 062;A01;1;1;12;0;1;1;5;
201900034123;138 242 060;B01;0;80;0;2;1;16;0;
201900034131;138 242 047;B01;3;1;0;2;1;1;5;
201900034132;138 242 046;B01;2;1;0;2;1;1;5;
201900034145;138 242 020;A01;2;1;0;2;1;13;5;
201900034151;138 242 004;B01;3;1;0;2;1;16;5;
201900034154;138 241 997;B01;3;1;0;2;8;26;5;
201900034162;138 241 979;B01;1;1;0;2;1;1;0;
201900034176;138 241 952;A01;1;1;14;0;1;25;5;
201900034182;138 241 937;A01;1;1;0;2;4;1;6;
201900034190;138 241 917;A01;1;1;0;2;7;15;6;
201900034196;138 241 907;B01;3;1;0;2;7;1;5;
201900034200;138 241 898;B01;1;1;0;2;3;11;5;
201900034206;138 241 885;A01;2;1;0;1;1;1;5;
201900034208;138 241 881;B01;0;1;0;2;2;1;0;
201900034209;138 241 879;B01;0;80;0;2;8;1;3;
201900034214;138 241 869;B01;1;1;0;2;3;1;5;
201900034229;138 241 843;B01;3;1;0;2;8;19;5;
201900034242;138 241 824;B01;2;1;0;2;1;1;5;
201900034261;138 241 785;B01;2;1;0;2;4;1;5;
201900034274;138 241 761;A01;1;1;0;0;0;1;5;
201900034276;138 241 758;A01;2;1;0;2;1;1;5;
201900034279;138 241 753;A01;2;1;0;6;1;25;5;
201900034279;138 241 754;B01;1;1;0;6;1;26;5;
201900034294;138 241 730;A01;1;1;12;0;1;1;5;
201900034300;138 241 718;A01;0;1;0;2;1;26;5;
201900034306;138 241 706;A01;2;1;0;2;8;2;5;
201900034308;138 241 703;A01;2;1;0;2;4;2;5;
201900034319;138 241 683;B01;3;80;0;2;1;1;3;
201900034343;138 241 643;B01;2;1;0;2;1;11;5;
201900034403;138 241 515;C01;1;1;0;0;8;1;5;
201900034403;138 241 516;B01;1;1;16;0;0;1;5;
201900034411;138 241 502;B01;1;1;0;2;7;1;5;
201900034413;138 241 499;A01;1;1;0;2;1;19;5;
201900034414;138 241 496;B01;3;1;0;2;7;1;5;
201900034431;138 241 462;B01;3;1;0;2;1;1;5;
201900034477;138 241 383;A01;1;1;0;6;0;0;6;
201900034500;138 241 340;B01;3;1;0;2;4;19;5;
201900034514;138 241 313;B01;0;1;0;2;1;1;5;
201900034616;138 241 119;B01;3;1;0;2;1;19;0;
201900034619;138 241 112;B01;2;1;0;2;1;1;0;
201900034623;138 241 105;B01;1;1;0;2;4;15;5;
201900034635;138 241 078;A01;3;1;0;1;8;26;5;
201900034640;138 241 071;A01;2;1;1;0;1;1;5;
201900034663;138 241 032;Z01;1;1;0;1;1;1;5;
201900034688;138 240 994;B01;1;1;0;2;5;1;5;
201900034691;138 240 990;A01;1;1;0;0;4;2;5;
201900034761;138 240 838;C01;0;1;0;2;0;1;-1;
201900034762;138 240 836;B01;1;1;0;2;7;19;5;
201900034772;138 240 816;A01;2;1;0;2;1;1;5;
201900034773;138 240 814;B01;3;1;0;2;1;1;5;
201900034786;138 240 781;B01;3;1;0;2;1;1;5;
201900034791;138 240 773;A01;1;1;0;2;1;19;5;
201900034796;138 240 763;B01;2;1;0;2;0;1;5;
201900034801;138 240 755;A01;3;1;14;0;1;1;5;
201900034816;138 240 731;A01;2;1;0;0;8;1;6;
201900034884;138 240 570;A01;1;1;0;1;1;1;5;
201900034887;138 240 567;A01;2;1;9;0;0;1;0;
201900034892;138 240 559;A01;2;1;1;1;1;1;6;
201900034898;138 240 549;A01;1;1;0;2;4;1;5;
201900034912;138 240 522;B01;1;1;0;2;1;1;5;
201900034930;138 240 483;B01;3;1;0;2;1;1;0;
201900034931;138 240 481;B01;1;1;0;2;2;1;5;
201900034944;138 240 454;A01;3;1;0;2;1;9;5;
201900034945;138 240 453;B01;1;1;0;2;7;1;5;
201900034947;138 240 448;C01;1;1;0;2;5;25;5;
201900034955;138 240 428;B01;2;1;0;2;3;1;5;
201900034972;138 240 400;B01;3;1;0;2;1;19;5;
201900034986;138 240 371;A01;1;1;0;2;8;1;5;
201900035012;138 240 319;A01;1;1;0;2;1;9;5;
201900035052;138 240 248;B01;2;1;0;2;8;1;5;
201900035055;138 240 245;B01;2;1;0;2;1;13;5;
201900035074;138 240 217;B01;3;1;1;0;8;13;6;
201900035078;138 240 210;A01;2;1;0;2;8;1;0;
201900035082;138 240 204;A01;3;1;8;0;1;26;5;
201900035109;138 240 137;A01;3;1;0;2;1;19;5;
201900035125;138 240 110;A01;0;1;0;2;8;26;5;
201900035125;138 240 111;B01;0;1;0;0;0;0;0;
201900035126;138 240 109;A01;1;1;0;2;1;5;5;
201900035127;138 240 107;A01;0;1;0;0;0;25;5;
201900035130;138 240 102;B01;3;1;12;2;4;2;5;
201900035134;138 240 096;A01;3;1;0;1;1;18;5;
201900035153;138 240 067;B01;2;80;0;2;1;1;3;
201900035164;138 240 047;B01;1;1;0;0;8;26;5;
201900035169;138 240 035;A01;1;1;0;0;7;26;5;
201900035177;138 240 018;B01;2;1;0;0;0;1;5;
201900035185;138 240 006;A01;1;1;0;2;1;5;5;
201900035203;138 239 976;B01;1;1;0;0;4;13;6;
201900035220;138 239 950;B01;2;1;0;2;1;5;5;
201900035245;138 239 887;B01;2;1;0;2;1;1;5;
201900035282;138 239 797;A01;1;1;0;1;1;26;5;
201900035296;138 239 769;B01;1;1;0;2;1;1;5;
201900035318;138 239 731;B01;1;1;0;2;1;1;5;
201900035320;138 239 728;A01;1;1;0;1;1;16;5;
201900035321;138 239 727;B01;2;1;0;2;2;25;5;
201900035325;138 239 718;A01;1;1;0;2;1;19;0;
201900035326;138 239 717;B01;3;1;0;2;1;1;5;
201900035334;138 239 700;B01;1;1;0;2;1;2;0;
201900035335;138 239 698;A01;3;1;0;2;2;19;5;
201900035345;138 239 680;A01;3;1;0;2;1;16;5;
201900035349;138 239 673;B01;1;1;0;2;1;1;5;
201900035351;138 239 669;B01;1;1;0;2;7;19;5;
201900035352;138 239 667;B01;1;1;0;2;1;15;0;
201900035384;138 239 590;B01;2;1;0;2;1;19;5;
201900035422;138 239 513;B01;2;1;0;2;3;19;5;
201900035440;138 239 481;B01;1;1;0;0;0;0;5;
201900035441;138 239 478;A01;2;1;0;2;7;19;5;
201900035442;138 239 475;C01;-1;1;1;0;-1;-1;5;
201900035453;138 239 459;A01;1;1;1;0;1;1;5;
201900035459;138 239 448;B01;3;1;0;2;8;1;5;
201900035462;138 239 442;B01;3;1;0;2;3;2;5;
201900035463;138 239 440;B01;3;1;0;2;1;1;-1;
201900035470;138 239 423;A01;3;1;0;2;1;2;5;
201900035481;138 239 400;B01;0;1;0;2;1;1;5;
201900035486;138 239 391;B01;1;1;0;2;1;1;5;
201900035508;138 239 351;B01;2;1;0;0;0;1;5;
201900035509;138 239 349;B01;1;1;0;2;1;1;5;
201900035515;138 239 338;B01;2;1;0;2;8;1;5;
201900035521;138 239 330;B01;1;1;0;2;3;13;5;
201900035542;138 239 293;B01;3;80;0;2;1;1;3;
201900035581;138 239 211;B01;2;1;0;2;8;0;0;
201900035582;138 239 210;A01;3;1;0;0;0;1;5;
201900035591;138 239 196;A01;3;1;0;2;1;1;5;
201900035600;138 239 180;B01;3;1;0;2;3;19;5;
201900035601;138 239 178;B01;3;1;0;2;1;25;0;
201900035610;138 239 164;A01;0;1;0;2;1;9;0;
201900035630;138 239 109;B01;1;1;1;0;1;1;6;
201900035640;138 239 090;A01;1;1;0;2;4;1;0;
201900035642;138 239 087;B01;2;1;0;2;3;19;0;
201900035643;138 239 084;B01;1;1;0;2;4;0;5;
201900035653;138 239 069;B01;1;1;0;2;7;1;6;
201900035661;138 239 055;B01;3;1;0;2;7;19;5;
201900035671;138 239 035;B01;1;1;0;2;1;19;0;
201900035676;138 239 028;A01;3;1;0;1;1;1;6;
201900035681;138 239 021;B01;1;80;0;2;8;19;3;
201900035698;138 238 997;A01;2;80;0;0;0;16;3;
201900035702;138 238 991;B01;3;1;0;2;4;2;5;
201900035712;138 238 971;B01;2;1;0;2;8;1;0;
201900035717;138 238 959;P01;1;1;0;2;1;16;5;
201900035739;138 238 925;B01;2;1;0;2;2;2;5;
201900035748;138 238 901;A01;0;1;0;2;0;15;5;
201900035748;138 238 902;B01;0;1;0;2;0;16;5;
201900035766;138 238 853;A01;1;1;0;0;0;26;5;
201900035768;138 238 849;A01;2;1;0;2;1;2;5;
201900035778;138 238 835;B01;2;1;0;2;1;0;5;
201900035788;138 238 811;A01;1;1;0;2;8;19;5;
201900035790;138 238 807;A01;1;1;0;1;1;1;5;
201900035791;138 238 805;B01;1;1;0;0;0;0;5;
201900035798;138 238 793;A01;2;1;0;2;1;2;5;
201900035821;138 238 744;A01;3;1;0;0;0;0;5;
201900035825;138 238 729;A01;3;1;0;0;7;16;5;
201900035831;138 238 718;B01;1;1;0;2;1;1;5;
201900035833;138 238 714;A01;1;1;12;0;1;1;5;
201900035858;138 238 661;A01;2;1;0;2;0;1;5;
201900035872;138 238 638;A01;1;1;0;2;1;1;5;
201900035873;138 238 636;B01;1;1;0;2;1;1;5;
201900035881;138 238 623;A01;3;1;0;6;1;0;0;
201900035905;138 238 584;B01;2;1;0;2;3;1;5;
201900035912;138 238 570;B01;3;1;1;0;1;1;5;
201900035926;138 238 547;B01;1;1;0;2;4;2;5;
201900035928;138 238 542;A01;1;1;6;0;0;1;5;
201900035933;138 238 533;B01;1;1;0;2;1;1;5;
201900035941;138 238 521;B01;2;1;0;2;3;1;6;
201900035970;138 238 469;A01;3;1;0;2;0;5;5;
201900035975;138 238 461;B01;3;80;1;0;1;2;3;
201900035982;138 238 452;A01;0;1;14;0;0;1;5;
201900035985;138 238 447;A01;2;1;0;2;6;19;5;
201900036027;138 238 373;A01;1;1;0;2;0;13;5;
201900036067;138 238 312;B01;1;1;0;0;8;2;5;
201900036078;138 238 296;B01;1;1;0;2;1;5;5;
201900036096;138 238 261;D01;1;1;0;2;1;5;5;
201900036096;138 238 262;C01;1;1;0;2;1;5;5;
201900036096;138 238 263;B01;1;1;0;2;1;5;5;
201900036104;138 238 249;B01;2;1;0;2;8;1;5;
201900036119;138 238 215;A01;2;1;0;2;4;1;5;
201900036125;138 238 201;A01;2;1;0;0;0;1;5;
201900036131;138 238 190;B01;2;1;0;2;8;1;5;
201900036150;138 238 153;B01;2;1;0;2;0;0;5;
201900036160;138 238 128;A01;1;1;0;2;0;19;5;
201900036162;138 238 124;C01;3;1;0;2;4;2;5;
201900036162;138 238 125;B01;3;1;0;2;4;2;5;
201900036163;138 238 123;B01;3;1;0;2;1;1;5;
201900036182;138 238 083;A01;2;1;8;2;1;21;5;
201900036185;138 238 079;B01;2;1;0;2;1;1;5;
201900036188;138 238 074;B01;1;1;0;2;2;1;5;
201900036206;138 238 044;B01;1;1;0;2;7;1;5;
201900036232;138 237 999;B01;1;1;0;2;1;1;5;
201900036233;138 237 996;A01;1;1;0;2;1;1;5;
201900036237;138 237 990;B01;2;1;0;2;2;1;5;
201900036239;138 237 986;B01;1;1;0;2;1;1;5;
201900036242;138 237 980;B01;2;1;0;2;3;10;5;
201900036244;138 237 976;A01;1;1;15;0;1;1;5;
201900036263;138 237 939;B01;1;1;0;2;0;0;5;
201900036274;138 237 918;B01;2;1;0;2;2;5;0;
201900036277;138 237 915;A01;3;1;0;0;0;0;5;
201900036281;138 237 910;B01;3;1;0;2;7;1;5;
201900036353;138 237 792;A01;1;1;0;2;8;9;5;
201900036381;138 237 717;B01;3;1;0;2;3;5;5;
201900036383;138 237 714;B01;1;1;0;2;1;26;5;
201900036389;138 237 704;B01;3;1;0;2;7;26;5;
201900036395;138 237 690;A01;3;1;0;0;0;0;5;
201900036404;138 237 675;A01;2;1;0;0;0;1;5;
201900036416;138 237 653;A01;1;80;0;-1;5;19;3;
201900036440;138 237 608;B01;2;1;0;2;4;1;5;
201900036442;138 237 604;B01;2;1;0;2;3;9;5;
201900036466;138 237 547;B01;1;1;0;2;1;1;5;
201900036525;138 237 427;B01;1;1;0;2;3;18;5;
201900036546;138 237 393;A01;2;1;0;2;1;5;5;
201900036551;138 237 383;B01;1;1;0;2;2;1;5;
201900036556;138 237 376;A01;2;1;0;2;7;13;5;
201900036556;138 237 377;B01;2;1;0;2;8;13;5;
201900036561;138 237 366;A01;2;1;0;2;8;19;5;
201900036562;138 237 365;A01;2;1;0;2;7;1;5;
201900036564;138 237 361;A01;1;80;0;2;1;2;3;
201900036590;138 237 319;B01;3;1;14;0;1;2;5;
201900036597;138 237 305;B01;2;1;0;2;1;1;5;
201900036630;138 237 244;B01;2;1;0;2;7;1;5;
201900036632;138 237 239;B01;0;1;0;2;3;1;0;
201900036716;138 237 077;B01;3;1;0;2;3;1;0;
201900036727;138 237 039;B01;1;1;0;2;7;26;5;
201900036746;138 236 993;B01;3;1;0;2;1;19;0;
201900036758;138 236 971;A01;1;1;0;1;1;1;5;
201900036761;138 236 958;A01;0;1;0;1;1;1;5;
201900036768;138 236 946;B01;1;80;0;2;8;1;3;
201900036790;138 236 900;A01;1;1;0;2;2;1;5;
201900036793;138 236 893;B01;2;1;0;2;1;15;5;
201900036795;138 236 890;A01;2;1;0;2;4;26;5;
201900036796;138 236 888;B01;1;1;0;2;5;1;5;
201900036811;138 236 848;A01;1;1;0;2;8;26;5;
201900036830;138 236 817;B01;3;1;0;2;1;19;5;
201900036833;138 236 811;B01;1;1;0;2;1;1;0;
201900036833;138 236 812;A01;1;80;0;2;3;9;3;
201900036837;138 236 803;B01;3;1;0;2;0;1;5;
201900036842;138 236 795;A01;1;1;0;2;7;17;5;
201900036843;138 236 793;A01;3;1;0;0;0;0;5;
201900036855;138 236 773;B01;3;1;0;2;1;1;0;
201900036865;138 236 755;A01;0;1;0;2;1;1;5;
201900036866;138 236 753;A01;0;1;0;1;0;1;5;
201900036877;138 236 738;B01;1;1;0;2;8;2;5;
201900036886;138 236 717;B01;1;1;1;0;1;2;5;
201900036902;138 236 682;B01;1;1;0;2;8;1;0;
201900036950;138 236 592;B01;1;1;0;2;4;2;5;
201900036966;138 236 564;B01;3;1;0;2;8;1;5;
201900036983;138 236 535;A01;0;1;14;0;1;1;5;
201900036987;138 236 530;A01;3;1;13;0;0;14;5;
201900036990;138 236 526;B01;3;1;0;2;1;26;5;
201900036992;138 236 524;B01;1;1;0;2;7;19;5;
201900036997;138 236 515;B01;1;1;0;2;1;1;6;
201900037050;138 236 412;B01;3;1;0;2;1;1;0;
201900037051;138 236 410;B01;2;1;0;2;4;1;5;
201900037067;138 236 362;A01;1;1;0;2;7;1;5;
201900037073;138 236 353;B01;1;1;0;2;1;1;5;
201900037075;138 236 349;B01;3;1;0;2;7;0;5;
201900037080;138 236 339;B01;1;1;0;1;7;9;5;
201900037085;138 236 331;B01;1;1;0;2;7;1;5;
201900037102;138 236 291;A01;3;80;14;0;7;1;3;
201900037117;138 236 255;B01;3;1;0;2;1;15;5;
201900037128;138 236 239;B01;1;1;0;2;2;1;5;
201900037131;138 236 233;B01;3;1;0;2;5;0;5;
201900037147;138 236 207;A01;1;1;0;0;1;0;5;
201900037154;138 236 196;A01;0;1;0;0;0;9;0;
201900037161;138 236 183;B01;2;1;0;2;7;15;5;
201900037184;138 236 141;B01;2;1;0;2;4;1;5;
201900037193;138 236 125;A01;1;1;0;0;0;21;5;
201900037194;138 236 123;A01;1;1;0;2;7;15;5;
201900037215;138 236 082;A01;2;1;0;2;6;15;5;
201900037220;138 236 075;B01;1;1;0;2;6;15;5;
201900037225;138 236 067;B01;2;1;0;2;1;1;5;
201900037236;138 236 047;B01;2;1;0;2;0;1;5;
201900037237;138 236 046;A01;2;1;0;0;0;1;5;
201900037243;138 236 036;B01;1;1;0;2;2;1;5;
201900037251;138 236 025;A01;2;1;0;1;7;25;6;
201900037294;138 235 951;A01;1;1;12;0;2;25;0;
201900037295;138 235 949;B01;1;1;0;2;1;0;5;
201900037302;138 235 935;B01;1;1;0;2;0;0;0;
201900037307;138 235 926;B01;1;80;0;2;1;18;3;
201900037326;138 235 879;A01;1;1;0;2;4;0;5;
201900037332;138 235 866;B01;3;1;0;2;0;1;0;
201900037333;138 235 864;B01;2;80;0;2;1;1;3;
201900037337;138 235 844;B01;0;1;0;2;1;1;5;
201900037351;138 235 800;B01;2;1;0;2;6;1;0;
201900037369;138 235 766;A01;2;1;0;2;4;26;5;
201900037372;138 235 754;A01;2;1;0;-1;1;1;5;
201900037375;138 235 748;B01;2;1;0;2;1;1;5;
201900037381;138 235 736;A01;1;1;0;2;1;15;5;
201900037383;138 235 732;B01;2;1;0;2;1;1;5;
201900037386;138 235 726;B01;1;1;0;2;6;1;5;
201900037403;138 235 690;A01;2;1;12;0;1;16;5;
201900037407;138 235 682;A01;1;1;0;6;1;26;5;
201900037407;138 235 683;B01;1;1;0;6;1;1;5;
201900037415;138 235 667;Z01;1;1;0;1;1;1;6;
201900037416;138 235 665;B01;2;1;0;2;1;1;0;
201900037418;138 235 660;B01;0;1;0;2;1;1;5;
201900037426;138 235 647;B01;1;1;0;2;1;1;5;
201900037429;138 235 643;B01;1;1;0;2;8;0;5;
201900037433;138 235 638;A01;1;1;0;0;0;0;5;
201900037442;138 235 621;A01;2;1;0;2;1;9;5;
201900037451;138 235 608;B01;1;1;0;2;0;1;5;
201900037464;138 235 583;B01;0;1;0;2;5;1;0;
201900037465;138 235 582;A01;0;1;0;0;7;1;5;
201900037472;138 235 568;B01;3;1;0;6;7;26;5;
201900037472;138 235 569;A01;3;1;0;6;8;26;5;
201900037476;138 235 561;A01;2;1;0;0;0;0;5;
201900037497;138 235 522;B01;2;1;0;2;1;7;5;
201900037502;138 235 513;A01;3;1;0;2;3;15;5;
201900037507;138 235 499;B01;3;1;0;2;7;1;5;
201900037509;138 235 497;B01;1;1;14;0;1;1;5;
201900037510;138 235 495;A01;2;1;0;2;2;19;5;
201900037518;138 235 481;B01;0;1;14;2;3;15;5;
201900037520;138 235 477;B01;2;1;0;2;8;2;5;
201900037521;138 235 476;B01;1;1;0;2;1;1;5;
201900037522;138 235 473;B01;0;1;0;2;5;19;5;
201900037538;138 235 444;A01;2;1;0;1;1;25;5;
201900037545;138 235 430;B01;2;1;0;2;7;15;5;
201900037545;138 235 431;A01;2;1;0;2;1;17;5;
201900037548;138 235 424;B01;3;1;0;2;0;9;5;
201900037554;138 235 416;A01;2;1;1;0;1;14;5;
201900037564;138 235 396;B01;2;1;1;0;0;1;0;
201900037576;138 235 374;B01;1;1;0;2;1;1;5;
201900037577;138 235 371;B01;1;1;0;2;1;1;5;
201900037580;138 235 367;B01;1;1;0;2;7;1;5;
201900037591;138 235 347;A01;3;1;6;0;1;1;5;
201900037596;138 235 334;B01;3;1;0;2;1;1;5;
201900037640;138 235 244;A01;2;80;0;0;1;21;3;
201900037643;138 235 240;A01;2;1;0;1;1;1;5;
201900037681;138 235 176;A01;2;1;0;2;1;1;5;
201900037681;138 235 177;B01;2;1;0;2;4;1;5;
201900037690;138 235 158;B01;1;1;0;2;8;2;5;
201900037690;138 235 159;C01;1;1;0;2;8;2;5;
201900037699;138 235 145;B01;1;1;1;0;2;22;5;
201900037700;138 235 142;B01;3;1;0;2;8;15;5;
201900037717;138 235 107;B01;2;1;0;2;4;2;5;
201900037727;138 235 092;B01;1;1;0;0;4;2;5;
201900037756;138 235 029;A01;2;1;0;2;1;1;5;
201900037767;138 235 007;B01;1;1;0;2;1;1;0;
201900037771;138 235 003;B01;3;1;0;2;0;0;0;
201900037782;138 234 983;B01;1;1;0;2;8;1;5;
201900037792;138 234 966;A01;3;1;0;1;0;25;6;
201900037794;138 234 964;B01;0;1;0;2;1;1;5;
201900037819;138 234 910;B01;2;1;0;2;8;1;5;
201900037829;138 234 894;A01;0;1;0;1;0;1;0;
201900037858;138 234 837;B01;2;1;0;2;4;2;5;
201900037860;138 234 834;A01;1;1;0;0;7;1;5;
201900037861;138 234 832;B01;2;1;0;2;1;13;5;
201900037880;138 234 798;B01;3;1;0;2;7;1;5;
201900037889;138 234 779;B01;2;1;0;2;1;1;0;
201900037910;138 234 743;A01;3;1;8;0;0;25;0;
201900037916;138 234 733;A01;2;1;0;0;0;1;5;
201900037922;138 234 723;A01;1;1;0;2;2;12;5;
201900037928;138 234 711;B01;1;1;0;2;8;2;5;
201900037933;138 234 704;A01;1;1;0;2;1;1;5;
201900037938;138 234 698;A01;3;1;0;0;8;2;5;
201900037943;138 234 690;B01;1;1;0;2;8;1;5;
201900037957;138 234 670;A01;2;1;0;0;0;0;5;
201900037975;138 234 640;B01;1;1;0;2;0;15;5;
201900037988;138 234 618;B01;3;1;0;2;1;1;5;
201900037991;138 234 612;B01;2;1;0;2;1;5;5;
201900038055;138 234 495;B01;3;1;0;2;7;1;0;
201900038064;138 234 480;B01;2;1;0;2;1;1;0;
201900038077;138 234 459;B01;0;1;0;2;0;0;5;
201900038080;138 234 454;B01;0;1;0;2;1;1;5;
201900038089;138 234 435;B01;2;1;0;2;4;23;5;
201900038098;138 234 421;B01;1;1;0;2;3;19;5;
201900038105;138 234 411;B01;1;80;0;2;5;1;3;
201900038110;138 234 391;B01;0;1;0;2;1;1;5;
201900038122;138 234 370;A01;2;1;0;1;1;1;5;
201900038127;138 234 363;A01;1;1;0;2;4;2;5;
201900038128;138 234 362;Z01;2;1;0;1;1;1;5;
201900038132;138 234 356;B01;1;80;8;2;1;1;3;