Num_Acc;id_vehicule;num_veh;senc;catv;obs;obsm;choc;manv;motor;occutc
201900038141;138 234 342;B01;0;1;0;2;1;1;0;
201900038145;138 234 337;B01;2;1;0;2;3;7;5;
201900038160;138 234 311;B01;2;1;0;2;6;1;5;
201900038176;138 234 280;A01;2;1;0;2;4;23;5;
201900038179;138 234 275;A01;1;80;0;1;1;1;2;
201900038184;138 234 270;A01;1;1;0;0;0;18;5;
201900038192;138 234 260;C01;1;1;0;2;0;0;5;
201900038196;138 234 252;B01;1;1;0;2;8;1;5;
201900038224;138 234 203;B01;2;1;0;2;1;1;5;
201900038239;138 234 176;B01;2;1;0;2;1;15;5;
201900038250;138 234 159;A01;1;1;0;2;7;13;5;
201900038256;138 234 146;A01;2;1;0;2;3;18;5;
201900038264;138 234 134;B01;3;1;0;2;7;1;5;
201900038272;138 234 122;B01;2;1;0;2;4;1;5;
201900038278;138 234 109;B01;1;1;0;2;7;1;5;
201900038325;138 234 034;B01;2;1;0;2;2;19;5;
201900038332;138 234 022;A01;2;1;0;2;1;1;5;
201900038335;138 234 017;A01;1;1;0;2;1;1;5;
201900038346;138 233 999;A01;1;1;0;0;0;15;5;
201900038353;138 233 988;B01;2;1;0;2;8;1;5;
201900038353;138 233 989;A01;2;1;0;2;7;12;5;
201900038354;138 233 987;A01;1;1;0;0;8;21;5;
201900038357;138 233 982;B01;1;1;0;2;4;1;5;
201900038361;138 233 975;B01;1;1;0;2;1;1;5;
201900038362;138 233 973;A01;1;1;0;2;7;15;5;
201900038369;138 233 961;B01;3;1;0;2;1;19;5;
201900038373;138 233 957;B01;3;1;0;2;1;1;5;
201900038413;138 233 888;A01;1;1;0;2;1;7;5;
201900038426;138 233 867;A01;2;1;0;2;4;1;5;
201900038428;138 233 862;B01;2;1;0;2;3;7;5;
201900038430;138 233 860;A01;2;1;0;1;1;1;5;
201900038439;138 233 841;A01;1;1;0;2;1;1;5;
201900038445;138 233 829;A01;2;1;0;2;1;1;5;
201900038453;138 233 813;B01;1;1;0;2;1;1;5;
201900038455;138 233 811;A01;1;1;0;1;2;1;5;
201900038456;138 233 809;B01;1;1;0;2;1;1;5;
201900038458;138 233 805;B01;1;1;0;2;3;1;5;
201900038460;138 233 800;B01;2;1;0;2;1;9;5;
201900038496;138 233 729;B01;0;1;0;2;1;26;6;
201900038508;138 233 710;A01;2;80;0;6;1;1;3;
201900038508;138 233 711;B01;1;80;0;6;1;1;3;
201900038511;138 233 704;B01;1;1;0;2;1;1;5;
201900038515;138 233 698;A01;1;1;0;2;1;2;5;
201900038534;138 233 662;A01;3;1;0;2;0;15;5;
201900038544;138 233 645;A01;2;1;14;0;0;1;5;
201900038561;138 233 618;B01;2;1;0;2;1;1;0;
201900038567;138 233 605;A01;1;1;0;2;3;19;5;
201900038570;138 233 600;A01;1;1;0;2;8;1;5;
201900038576;138 233 591;B01;1;1;0;2;8;19;5;
201900038584;138 233 571;A01;3;1;5;0;4;26;0;
201900038597;138 233 548;B01;1;1;0;2;1;1;5;
201900038601;138 233 536;B01;1;1;0;2;2;9;0;
201900038606;138 233 527;A01;3;1;8;0;1;1;5;
201900038607;138 233 525;A01;1;1;0;2;1;6;5;
201900038619;138 233 497;B01;3;1;0;2;1;2;5;
201900038620;138 233 496;A01;3;1;0;2;1;0;6;
201900038634;138 233 471;B01;1;1;0;2;1;1;0;
201900038659;138 233 425;B01;3;1;0;2;7;0;5;
201900038698;138 233 352;B01;1;1;0;2;7;1;5;
201900038705;138 233 340;B01;2;1;0;2;7;5;0;
201900038707;138 233 335;B01;1;1;0;2;1;1;5;
201900038710;138 233 331;A01;2;1;0;1;7;1;5;
201900038711;138 233 329;Z01;1;1;0;2;1;9;5;
201900038711;138 233 330;A01;1;1;0;2;1;1;5;
201900038738;138 233 284;A01;1;1;0;1;1;1;5;
201900038743;138 233 275;B01;1;1;0;2;4;15;5;
201900038756;138 233 250;A01;2;1;0;2;2;19;5;
201900038766;138 233 233;B01;3;1;0;2;0;2;5;
201900038786;138 233 202;A01;2;1;0;1;1;19;5;
201900038809;138 233 161;B01;3;1;1;0;1;1;5;
201900038816;138 233 142;B01;2;1;0;2;8;16;5;
201900038837;138 233 099;A01;2;1;0;2;1;2;5;
201900038845;138 233 081;A01;1;1;0;2;1;5;5;
201900038856;138 233 058;A01;2;1;0;2;1;19;5;
201900038870;138 233 023;B01;3;1;0;2;1;16;5;
201900038878;138 233 009;A01;1;80;0;0;1;1;3;
201900038883;138 232 996;B01;1;1;1;0;1;1;5;
201900038884;138 232 995;B01;1;1;0;2;1;1;5;
201900038885;138 232 993;B01;3;1;0;2;7;1;5;
201900038888;138 232 986;B01;1;1;0;2;1;26;5;
201900038894;138 232 972;A01;3;1;0;2;1;19;0;
201900038896;138 232 967;A01;3;1;0;2;1;21;5;
201900038896;138 232 968;B01;3;1;0;2;1;21;5;
201900038897;138 232 965;B01;1;1;0;2;3;9;5;
201900038898;138 232 962;C01;1;1;0;2;4;13;5;
201900038902;138 232 955;B01;2;1;0;2;5;1;0;
201900038905;138 232 952;A01;2;1;0;2;2;16;5;
201900038907;138 232 948;B01;2;1;0;2;7;1;5;
201900038915;138 232 928;A01;2;1;0;2;8;1;0;
201900038922;138 232 914;B01;2;1;1;0;1;0;5;
201900038936;138 232 890;A01;1;1;0;2;1;1;5;
201900038937;138 232 887;B01;1;1;0;2;3;16;5;
201900038944;138 232 875;A01;3;1;0;0;7;16;5;
201900038953;138 232 858;A01;1;1;0;2;1;1;5;
201900038955;138 232 856;B01;3;1;0;2;3;1;5;
201900038961;138 232 849;A01;0;1;0;0;0;1;0;
201900038974;138 232 829;B01;2;1;0;2;0;1;5;
201900038994;138 232 792;B01;1;1;0;2;8;1;5;
201900039005;138 232 773;B01;3;1;0;2;8;16;5;
201900039016;138 232 755;B01;1;1;0;2;1;1;5;
201900039042;138 232 699;C01;2;1;0;0;0;21;5;
201900039042;138 232 700;B01;2;1;0;0;0;21;5;
201900039042;138 232 701;A01;2;1;0;0;0;21;5;
201900039086;138 232 623;B01;1;1;0;2;2;1;0;
201900039093;138 232 611;B01;3;1;0;2;1;9;5;
201900039108;138 232 587;A01;2;1;0;4;8;15;5;
201900039115;138 232 571;B01;1;1;0;2;1;1;5;
201900039116;138 232 569;B01;1;1;0;2;4;1;5;
201900039120;138 232 563;B01;1;1;0;2;0;1;2;
201900039129;138 232 546;B01;1;1;0;2;3;2;0;
201900039141;138 232 528;A01;3;1;0;2;1;19;5;
201900039143;138 232 525;A01;1;1;0;2;1;1;5;
201900039150;138 232 513;A01;2;1;0;2;1;1;0;
201900039153;138 232 507;B01;1;1;0;2;8;1;0;
201900039161;138 232 485;B01;1;1;0;2;4;1;5;
201900039164;138 232 479;A01;2;1;0;2;1;1;5;
201900039180;138 232 436;B01;0;1;1;0;1;1;5;
201900039184;138 232 429;B01;3;1;0;2;8;19;5;
201900039186;138 232 421;B01;1;1;0;2;1;1;5;
201900039195;138 232 402;B01;1;1;0;2;0;0;0;
201900039198;138 232 395;B01;3;1;0;2;7;19;5;
201900039222;138 232 351;B01;1;1;0;2;3;1;5;
201900039226;138 232 345;B01;1;1;0;2;8;13;5;
201900039233;138 232 333;B01;2;1;0;2;1;15;5;
201900039241;138 232 314;B01;1;1;0;2;7;1;5;
201900039256;138 232 285;B01;2;1;0;2;1;13;5;
201900039265;138 232 263;A01;2;1;0;1;0;7;5;
201900039266;138 232 262;A01;1;1;0;1;1;1;5;
201900039270;138 232 258;A01;2;1;0;0;1;1;5;
201900039272;138 232 255;Z01;3;1;0;1;1;5;5;
201900039274;138 232 252;B01;1;1;0;2;6;18;5;
201900039285;138 232 236;A01;1;1;12;0;0;14;5;
201900039305;138 232 207;B01;2;1;0;2;7;16;6;
201900039316;138 232 185;B01;1;1;0;2;8;15;5;
201900039319;138 232 181;B01;2;1;0;2;3;9;5;
201900039321;138 232 175;B01;1;1;0;2;7;15;5;
201900039349;138 232 125;B01;2;1;0;2;4;5;5;
201900039366;138 232 097;B01;2;1;0;2;1;19;5;
201900039368;138 232 092;A01;1;1;0;2;1;1;5;
201900039369;138 232 091;A01;2;1;0;2;1;19;5;
201900039374;138 232 082;A01;2;1;0;2;3;1;5;
201900039380;138 232 071;B01;1;1;0;2;4;2;5;
201900039383;138 232 068;B01;2;1;0;2;3;1;5;
201900039388;138 232 058;B01;1;1;0;2;5;19;5;
201900039389;138 232 057;A01;3;1;1;0;2;14;5;
201900039405;138 232 030;B01;1;1;0;2;1;7;5;
201900039406;138 232 028;A01;3;1;0;2;4;2;5;
201900039409;138 232 022;A01;2;1;0;2;1;1;5;
201900039411;138 232 017;A01;1;1;0;2;8;19;5;
201900039412;138 232 016;B01;1;1;1;2;4;1;5;
201900039420;138 232 000;B01;2;1;0;2;1;1;5;
201900039421;138 231 998;B01;1;1;0;2;2;1;5;
201900039438;138 231 973;A01;1;1;0;2;4;1;5;
201900039448;138 231 954;B01;1;1;0;2;0;0;0;
201900039449;138 231 952;Y01;1;80;0;2;7;1;3;
201900039458;138 231 937;B01;1;1;0;2;1;7;5;
201900039464;138 231 927;B01;3;80;0;2;5;15;3;
201900039467;138 231 919;B01;2;1;0;2;8;0;5;
201900039475;138 231 908;A01;2;1;0;0;0;5;0;
201900039492;138 231 871;B01;3;1;0;2;1;16;5;
201900039500;138 231 856;A01;2;1;0;2;1;15;0;
201900039507;138 231 838;A01;1;1;0;2;3;16;5;
201900039510;138 231 832;B01;2;1;0;2;1;1;5;
201900039511;138 231 829;A01;2;1;0;2;1;16;5;
201900039512;138 231 828;A01;2;1;0;0;0;0;5;
201900039521;138 231 809;B01;2;1;0;2;8;1;5;
201900039527;138 231 797;A01;1;1;0;2;1;1;5;
201900039536;138 231 781;B01;2;1;0;2;0;13;5;
201900039542;138 231 771;A01;1;1;0;0;0;1;5;
201900039546;138 231 765;B01;3;1;0;0;0;22;5;
201900039549;138 231 759;B01;1;1;0;2;3;1;5;
201900039607;138 231 649;A01;3;1;0;0;0;15;5;
201900039610;138 231 645;B01;3;1;0;2;7;1;5;
201900039657;138 231 553;B01;1;1;0;2;3;2;5;
201900039662;138 231 542;A01;1;1;0;2;7;17;5;
201900039662;138 231 543;B01;1;1;0;2;8;1;5;
201900039683;138 231 502;B01;3;1;0;2;5;9;5;
201900039684;138 231 500;B01;3;1;0;2;1;1;5;
201900039687;138 231 494;A01;1;1;0;2;1;1;5;
201900039696;138 231 481;B01;1;1;0;2;1;5;0;
201900039702;138 231 468;B01;3;1;0;2;1;5;5;
201900039703;138 231 461;B01;3;1;0;2;8;1;5;
201900039710;138 231 447;A01;0;1;0;0;0;1;5;
201900039743;138 231 389;B01;3;1;0;2;4;19;5;
201900039744;138 231 388;A01;2;1;0;0;0;0;5;
201900039752;138 231 360;B01;3;1;0;2;7;15;5;
201900039755;138 231 351;B01;1;1;0;2;1;19;5;
201900039760;138 231 338;B01;3;1;0;2;8;15;0;
201900039765;138 231 319;B01;2;1;0;2;3;1;0;
201900039766;138 231 316;B01;2;1;0;2;5;1;5;
201900039768;138 231 314;A01;1;80;0;0;1;1;3;
201900039787;138 231 276;B01;3;1;0;2;0;0;5;
201900039802;138 231 247;B01;3;1;0;2;7;12;5;
201900039805;138 231 243;A01;3;1;0;0;1;0;5;
201900039806;138 231 242;B01;3;1;0;2;0;0;5;
201900039811;138 231 233;B01;2;1;0;2;7;15;5;
201900039828;138 231 197;A01;3;1;0;0;0;1;5;
201900039838;138 231 182;B01;3;1;0;2;1;19;5;
201900039879;138 231 101;B01;2;1;0;2;1;1;0;
201900039880;138 231 099;A01;1;1;0;2;1;5;5;
201900039883;138 231 090;B01;3;1;0;2;8;19;5;
201900039903;138 231 057;A01;0;1;0;1;1;1;5;
201900039910;138 231 042;B01;1;1;0;2;7;2;5;
201900039912;138 231 038;B01;2;1;0;2;8;1;5;
201900039914;138 231 033;B01;2;1;0;2;3;1;5;
201900039914;138 231 034;A01;1;1;0;2;0;1;5;
201900039936;138 230 998;A01;2;1;0;2;4;5;5;
201900039943;138 230 986;A01;3;1;0;2;1;19;5;
201900039971;138 230 937;A01;1;1;0;2;8;1;5;
201900039976;138 230 930;B01;2;1;0;2;1;1;5;
201900039980;138 230 923;A01;1;1;0;1;8;1;5;
201900039981;138 230 922;B01;1;1;0;2;0;1;5;
201900039986;138 230 915;B01;2;1;0;2;4;1;5;
201900040022;138 230 858;B01;2;1;0;2;1;17;5;
201900040035;138 230 836;B01;2;1;0;2;3;17;5;
201900040037;138 230 831;B01;3;1;0;2;1;1;5;
201900040057;138 230 793;A01;1;1;0;2;8;1;5;
201900040058;138 230 790;A01;2;1;0;1;1;1;5;
201900040062;138 230 783;B01;1;1;0;2;1;19;5;
201900040063;138 230 781;A01;2;1;0;2;1;22;5;
201900040066;138 230 776;A01;1;1;0;2;1;17;5;
201900040074;138 230 762;A01;2;1;0;1;7;1;5;
201900040086;138 230 745;B01;2;1;0;2;1;1;5;
201900040087;138 230 740;A01;2;1;0;0;1;21;5;
201900040088;138 230 739;B01;1;1;0;2;1;1;5;
201900040091;138 230 733;B01;1;1;0;2;4;13;5;
201900040092;138 230 731;Z01;1;1;0;1;1;5;5;
201900040097;138 230 724;A01;2;1;1;0;8;17;5;
201900040098;138 230 722;B01;1;1;0;2;1;1;5;
201900040102;138 230 714;A01;1;1;0;2;1;7;5;
201900040105;138 230 710;B01;1;80;0;2;3;1;3;
201900040109;138 230 704;B01;1;1;0;2;4;23;5;
201900040110;138 230 703;A01;1;1;0;1;1;1;5;
201900040137;138 230 649;B01;1;1;0;2;7;1;5;
201900040151;138 230 627;B01;1;80;0;2;1;1;3;
201900040160;138 230 612;A01;2;1;0;2;1;5;5;
201900040161;138 230 610;A01;1;1;0;2;5;19;5;
201900040162;138 230 607;A01;1;1;0;2;1;1;5;
201900040163;138 230 606;B01;2;1;0;2;1;5;5;
201900040169;138 230 596;A01;1;1;0;0;3;21;5;
201900040171;138 230 593;A01;1;1;1;2;5;18;5;
201900040172;138 230 590;A01;2;1;0;2;2;1;5;
201900040174;138 230 587;A01;2;1;0;2;2;1;5;
201900040187;138 230 563;B01;1;1;0;2;1;1;5;
201900040213;138 230 522;B01;2;1;0;0;6;15;5;
201900040232;138 230 492;B01;1;1;0;2;0;1;5;
201900040235;138 230 487;B01;3;1;0;2;7;16;5;
201900040241;138 230 475;A01;2;1;0;2;1;15;5;
201900040241;138 230 477;A01;0;1;0;2;0;9;-1;
201900040245;138 230 465;B01;2;1;0;2;0;2;5;
201900040253;138 230 453;A01;3;1;0;2;2;16;5;
201900040256;138 230 448;A01;3;1;0;0;7;1;5;
201900040263;138 230 437;B01;1;1;0;2;1;2;5;
201900040266;138 230 433;B01;2;1;0;0;4;1;5;
201900040267;138 230 432;A01;2;1;0;0;0;0;5;
201900040283;138 230 406;A01;1;1;0;0;4;1;5;
201900040289;138 230 394;B01;1;1;0;2;1;1;5;
201900040296;138 230 383;B01;2;1;0;2;1;1;5;
201900040302;138 230 374;A01;2;1;0;0;0;1;5;
201900040363;138 230 261;A01;3;1;8;0;1;0;5;
201900040419;138 230 148;B01;0;1;0;2;3;19;5;
201900040429;138 230 124;A01;3;1;0;2;0;0;5;
201900040430;138 230 122;B01;3;1;0;2;2;0;5;
201900040432;138 230 119;A01;3;1;0;2;8;1;5;
201900040445;138 230 095;B01;3;1;1;0;7;0;0;
201900040445;138 230 097;C01;3;1;0;2;9;0;0;
201900040452;138 230 086;B01;3;1;0;2;1;9;5;
201900040483;138 230 033;A01;1;1;0;2;3;0;5;
201900040487;138 230 024;A01;2;1;0;2;1;13;5;
201900040531;138 229 958;A01;2;1;0;2;3;1;5;
201900040534;138 229 954;B01;1;1;0;2;8;1;5;
201900040559;138 229 907;A01;1;1;0;2;1;9;5;
201900040587;138 229 859;A01;0;1;0;2;2;2;6;
201900040596;138 229 840;A01;2;1;0;2;8;13;5;
201900040598;138 229 837;B01;1;1;0;2;7;1;5;
201900040605;138 229 825;A01;1;1;0;2;1;2;5;
201900040606;138 229 823;A01;2;1;0;0;6;1;5;
201900040657;138 229 707;A01;0;1;0;2;5;1;5;
201900040690;138 229 629;B01;2;80;0;2;1;1;3;
201900040707;138 229 594;A01;1;1;0;2;1;9;0;
201900040708;138 229 592;B01;1;1;0;2;4;19;0;
201900040709;138 229 590;B01;3;1;0;2;7;1;5;
201900040716;138 229 578;B01;1;80;0;2;1;19;3;
201900040718;138 229 576;B01;2;1;0;2;1;1;5;
201900040733;138 229 552;A01;2;1;0;1;3;25;5;
201900040736;138 229 548;A01;1;1;0;1;1;1;5;
201900040739;138 229 545;B01;1;1;0;2;1;1;5;
201900040747;138 229 529;B01;2;80;0;2;1;5;3;
201900040763;138 229 499;A01;3;1;14;0;1;26;5;
201900040770;138 229 485;B01;1;1;0;2;4;2;5;
201900040782;138 229 467;A01;1;1;9;0;1;1;5;
201900040783;138 229 466;A01;1;1;0;1;1;1;5;
201900040788;138 229 458;B01;1;80;0;2;3;13;2;
201900040789;138 229 457;A01;1;1;0;2;1;18;5;
201900040793;138 229 450;B01;1;1;0;0;4;1;5;
201900040823;138 229 403;B01;1;1;0;4;6;26;5;
201900040843;138 229 373;B01;1;1;0;0;8;1;5;
201900040848;138 229 367;A01;3;1;0;0;1;1;5;
201900040870;138 229 307;A01;1;1;0;2;1;2;5;
201900040878;138 229 288;B01;1;1;1;0;1;1;0;
201900040890;138 229 262;A01;1;1;0;2;1;9;5;
201900040902;138 229 231;B01;2;80;0;2;1;1;5;
201900040904;138 229 227;A01;2;80;0;1;1;1;3;
201900040905;138 229 224;B01;1;1;0;2;0;0;5;
201900040914;138 229 211;B01;2;80;0;2;1;1;3;
201900040936;138 229 175;B01;3;1;0;2;1;26;0;
201900040950;138 229 151;B01;1;1;0;2;8;9;5;
201900040958;138 229 136;B01;1;1;0;2;4;1;5;
201900040966;138 229 123;B01;1;80;0;2;3;9;3;
201900041076;138 228 942;B01;2;1;0;2;1;26;0;
201900041080;138 228 934;A01;3;1;10;2;3;15;5;
201900041091;138 228 910;A01;2;80;0;2;1;1;3;
201900041117;138 228 868;C01;2;1;0;2;8;0;5;
201900041118;138 228 867;B01;1;1;0;2;1;1;5;
201900041137;138 228 833;B01;2;1;0;2;1;13;5;
201900041137;138 228 834;A01;1;1;0;2;1;1;5;
201900041138;138 228 831;B01;3;1;0;2;1;19;5;
201900041142;138 228 826;B01;3;1;0;2;8;19;5;
201900041143;138 228 823;A01;2;1;0;2;3;15;5;
201900041152;138 228 808;B01;2;1;0;2;8;5;5;
201900041194;138 228 737;B01;3;1;0;2;7;0;5;
201900041198;138 228 730;B01;3;1;0;2;8;0;5;
201900041219;138 228 693;B01;2;1;14;2;6;5;0;
201900041238;138 228 650;B01;1;1;0;2;1;1;5;
201900041247;138 228 636;A01;3;1;0;6;1;25;5;
201900041247;138 228 637;B01;3;1;0;6;1;0;5;
201900041255;138 228 620;B01;0;1;0;2;0;0;5;
201900041291;138 228 548;B01;1;1;0;2;4;1;5;
201900041294;138 228 542;A01;1;1;2;0;1;1;5;
201900041298;138 228 534;B01;1;1;0;2;0;2;5;
201900041322;138 228 496;A01;2;1;0;2;8;1;5;
201900041324;138 228 492;A01;2;1;0;2;1;1;5;
201900041328;138 228 482;A01;2;1;0;1;8;1;5;
201900041332;138 228 475;A01;1;1;0;1;1;15;5;
201900041333;138 228 473;B01;1;1;0;2;0;15;5;
201900041334;138 228 471;B01;3;1;0;2;7;19;5;
201900041335;138 228 470;Z01;2;1;0;1;0;25;5;
201900041336;138 228 469;Z01;1;1;0;1;1;1;5;
201900041341;138 228 462;A01;3;1;0;2;8;1;5;
201900041342;138 228 460;B01;1;1;0;2;0;18;5;
201900041343;138 228 458;B01;2;1;0;2;8;1;5;
201900041345;138 228 453;A01;1;1;0;0;1;1;5;
201900041349;138 228 445;A01;2;1;0;2;8;19;5;
201900041352;138 228 441;B01;1;1;0;2;1;1;5;
201900041360;138 228 419;B01;1;1;0;0;1;0;0;
201900041366;138 228 403;B01;3;1;0;2;7;19;5;
201900041372;138 228 394;B01;2;1;0;2;3;2;5;
201900041401;138 228 342;B01;1;1;0;2;0;0;5;
201900041405;138 228 334;A01;3;1;0;1;1;1;5;
201900041413;138 228 321;A01;2;1;0;0;0;0;0;
201900041421;138 228 306;B01;1;1;0;2;4;1;5;
201900041427;138 228 297;B01;2;1;0;2;2;15;5;
201900041427;138 228 298;C01;2;1;0;2;2;15;5;
201900041444;138 228 256;B01;0;1;0;2;8;19;5;
201900041468;138 228 217;A01;3;1;0;2;1;1;5;
201900041471;138 228 213;A01;3;1;1;0;7;1;5;
201900041485;138 228 186;B01;2;1;0;2;1;1;5;
201900041498;138 228 166;A01;2;1;0;0;0;0;5;
201900041501;138 228 160;A01;2;1;0;2;1;1;5;
201900041511;138 228 144;B01;2;1;0;2;7;1;5;
201900041515;138 228 133;B01;2;1;0;0;8;1;5;
201900041533;138 228 101;B01;2;1;0;2;1;1;0;
201900041548;138 228 073;B01;2;1;0;2;3;18;5;
201900041569;138 228 031;B01;2;1;0;2;1;2;5;
201900041571;138 228 029;B01;2;1;0;2;3;9;5;
201900041575;138 228 021;B01;2;1;0;2;1;7;5;
201900041576;138 228 019;A01;1;1;0;2;1;15;5;
201900041578;138 228 016;A01;2;80;0;2;1;1;3;
201900041579;138 228 014;B01;1;1;0;2;8;13;5;
201900041592;138 227 993;B01;2;1;0;2;7;1;5;
201900041595;138 227 988;A01;1;1;0;1;1;1;5;
201900041597;138 227 985;B01;2;1;0;2;1;1;5;
201900041607;138 227 967;B01;2;1;0;2;3;1;5;
201900041615;138 227 951;B01;1;1;0;2;8;2;0;
201900041620;138 227 943;A01;1;1;0;1;0;21;5;
201900041650;138 227 889;B01;2;1;0;2;0;5;0;
201900041654;138 227 883;B01;1;1;1;2;1;19;0;
201900041659;138 227 875;A01;2;1;0;0;0;26;5;
201900041669;138 227 858;B01;3;1;0;2;1;1;5;
201900041688;138 227 826;A01;2;1;0;2;7;13;5;
201900041690;138 227 821;A01;1;1;0;2;7;1;5;
201900041724;138 227 763;B01;3;1;0;2;0;26;5;
201900041739;138 227 736;B01;1;80;1;0;2;1;3;
201900041745;138 227 726;B01;2;80;0;2;8;1;3;
201900041769;138 227 662;B01;2;1;0;2;1;9;6;
201900041772;138 227 658;A01;1;1;0;0;0;25;5;
201900041784;138 227 632;A01;1;1;0;0;0;15;5;
201900041789;138 227 623;A01;1;1;0;2;1;15;5;
201900041804;138 227 592;B01;2;1;0;2;2;19;5;
201900041805;138 227 590;B01;1;1;0;2;8;1;5;
201900041807;138 227 588;A01;1;1;0;2;5;1;5;
201900041811;138 227 580;B01;3;1;0;2;4;1;5;
201900041829;138 227 545;B01;1;1;0;2;0;0;5;
201900041836;138 227 534;B01;3;1;0;2;0;0;5;
201900041865;138 227 481;A01;2;1;0;2;1;13;5;
201900041869;138 227 473;Z01;1;1;0;1;1;1;5;
201900041885;138 227 444;B01;3;1;0;2;1;1;0;
201900041887;138 227 440;B01;3;1;0;2;2;1;5;
201900041892;138 227 431;A01;2;1;0;2;1;5;5;
201900041896;138 227 425;B01;1;1;0;2;1;2;5;
201900041897;138 227 423;B01;1;1;0;2;8;1;5;
201900041908;138 227 403;B01;1;1;1;0;7;1;5;
201900041913;138 227 394;A01;1;1;0;2;1;5;5;
201900041921;138 227 380;B01;1;1;1;0;1;1;5;
201900041943;138 227 340;B01;1;1;0;2;1;1;0;
201900041953;138 227 321;A01;3;1;0;2;1;18;5;
201900041959;138 227 310;B01;1;1;0;2;1;1;0;
201900041995;138 227 236;C01;-1;1;-1;-1;-1;-1;-1;
201900041997;138 227 232;B01;2;1;0;2;7;15;0;
201900042012;138 227 210;B01;1;1;0;2;3;0;5;
201900042013;138 227 208;B01;1;1;0;2;7;9;5;
201900042046;138 227 149;B01;2;1;0;2;8;5;0;
201900042048;138 227 144;B01;0;1;0;2;1;18;0;
201900042055;138 227 134;B01;1;1;0;2;0;0;0;
201900042058;138 227 129;B01;1;1;1;0;1;1;0;
201900042059;138 227 127;B01;1;1;0;2;7;1;5;
201900042089;138 227 059;B01;3;1;0;0;8;1;5;
201900042098;138 227 012;C01;1;1;0;2;1;5;5;
201900042118;138 226 960;B01;1;1;0;2;8;15;0;
201900042119;138 226 958;B01;0;1;0;2;7;1;5;
201900042137;138 226 930;A01;1;1;0;1;1;26;5;
201900042205;138 226 799;B01;1;1;0;2;1;0;5;
201900042206;138 226 797;A01;3;1;0;2;1;16;5;
201900042210;138 226 790;B01;3;1;1;0;1;1;5;
201900042213;138 226 787;B01;1;1;0;2;3;0;0;
201900042217;138 226 778;A01;1;1;0;2;1;5;6;
201900042295;138 226 616;B01;1;1;0;2;1;1;5;
201900042299;138 226 608;A01;1;1;0;2;1;19;5;
201900042311;138 226 581;B01;1;1;0;2;8;1;5;
201900042313;138 226 577;A01;1;1;0;2;4;2;5;
201900042330;138 226 543;B01;1;1;0;2;1;1;5;
201900042342;138 226 516;A01;3;1;0;2;8;19;5;
201900042344;138 226 511;B01;3;1;0;2;8;1;5;
201900042380;138 226 441;B01;2;1;0;2;0;1;5;
201900042383;138 226 435;A01;1;1;0;1;1;1;5;
201900042393;138 226 418;B01;1;1;0;2;2;1;5;
201900042394;138 226 417;A01;2;1;0;1;0;1;5;
201900042413;138 226 382;B01;1;1;0;0;7;1;5;
201900042413;138 226 383;A01;1;1;0;2;8;13;5;
201900042423;138 226 367;B01;2;80;0;0;6;1;3;
201900042463;138 226 304;B01;3;1;0;2;1;9;5;
201900042469;138 226 292;B01;2;1;0;2;8;1;5;
201900042476;138 226 282;B01;1;1;0;2;4;1;5;
201900042499;138 226 239;A01;3;1;0;0;0;0;5;
201900042511;138 226 211;B01;2;1;0;2;8;1;5;
201900042514;138 226 205;B01;2;1;0;0;0;1;5;
201900042565;138 226 116;B01;3;1;0;2;2;19;6;
201900042571;138 226 107;A01;2;1;0;2;1;1;5;
201900042572;138 226 104;A01;2;1;0;0;6;1;5;
201900042579;138 226 093;B01;2;1;0;0;8;1;5;
201900042585;138 226 081;B01;1;1;0;2;4;1;5;
201900042586;138 226 079;B01;3;1;0;2;8;1;5;
201900042590;138 226 072;B01;2;1;0;2;8;2;5;
201900042611;138 226 033;A01;1;1;0;2;0;2;5;
201900042632;138 225 989;Z01;1;1;0;1;1;1;5;
201900042637;138 225 981;A01;2;1;0;2;1;1;5;
201900042650;138 225 962;B01;2;1;1;0;1;1;5;
201900042662;138 225 934;B01;1;1;1;0;1;17;0;
201900042673;138 225 905;B01;2;80;1;0;1;1;3;
201900042718;138 225 803;A01;1;1;0;2;1;19;5;
201900042728;138 225 788;B01;1;1;0;2;4;19;5;
201900042754;138 225 728;B01;3;1;0;2;7;1;5;
201900042756;138 225 727;A01;2;1;0;0;0;1;5;
201900042764;138 225 714;A01;2;80;12;0;1;1;3;
201900042765;138 225 711;B01;3;1;0;2;0;0;5;
201900042769;138 225 706;B01;2;1;0;2;8;1;5;
201900042774;138 225 698;A01;2;1;0;2;1;25;5;
201900042776;138 225 693;A01;2;1;0;2;7;15;5;
201900042777;138 225 695;B01;1;1;0;2;7;1;5;
201900042825;138 225 600;A01;1;80;0;2;1;1;3;
201900042832;138 225 587;A01;1;1;0;1;2;1;5;
201900042857;138 225 545;B01;2;1;1;0;1;1;0;
201900042869;138 225 521;B01;3;1;0;6;8;2;0;
201900042869;138 225 522;A01;3;1;0;6;7;2;0;
201900042877;138 225 505;B01;1;1;0;2;1;2;5;
201900042879;138 225 501;B01;1;1;0;2;4;1;5;
201900042883;138 225 495;A01;1;1;0;0;0;0;5;
201900042888;138 225 489;A01;3;1;0;2;7;15;5;