Num_Acc;id_vehicule;num_veh;senc;catv;obs;obsm;choc;manv;motor;occutc
201900042913;138 225 443;B01;0;1;0;2;8;15;5;
201900042962;138 225 347;B01;1;1;0;2;0;1;5;
201900042975;138 225 322;A01;0;1;0;2;1;0;0;
201900042992;138 225 293;A01;2;80;0;2;8;23;3;
201900042997;138 225 283;A01;3;1;0;2;4;1;5;
201900042998;138 225 280;B01;3;1;0;2;2;1;5;
201900043007;138 225 263;B01;0;1;0;2;2;15;6;
201900043016;138 225 246;A01;1;1;0;0;0;15;5;
201900043023;138 225 233;B01;2;1;0;2;6;19;5;
201900043038;138 225 212;B01;2;80;0;2;1;6;3;
201900043039;138 225 209;B01;1;1;0;2;7;14;5;
201900043039;138 225 210;A01;1;1;10;2;8;13;5;
201900043047;138 225 193;A01;3;1;13;0;1;26;5;
201900043049;138 225 191;B01;1;1;0;0;6;19;5;
201900043054;138 225 180;B01;3;1;0;2;1;1;6;
201900043062;138 225 165;A01;2;1;0;2;5;1;5;
201900043073;138 225 149;B01;2;80;0;0;3;1;3;
201900043094;138 225 107;A01;1;1;16;0;4;2;5;
201900043094;138 225 108;B01;1;1;16;0;1;2;5;
201900043128;138 225 047;B01;3;1;0;2;8;1;5;
201900043132;138 225 041;B01;1;1;0;2;4;1;5;
201900043167;138 224 986;B01;1;1;0;2;4;1;0;
201900043185;138 224 959;B01;0;1;0;0;0;17;5;
201900043197;138 224 941;B01;3;1;0;2;7;26;5;
201900043198;138 224 939;B01;0;1;0;2;6;1;0;
201900043271;138 224 789;A01;2;1;0;1;1;7;5;
201900043283;138 224 770;B01;2;80;0;2;1;14;3;
201900043294;138 224 745;B01;1;1;0;2;1;9;0;
201900043300;138 224 728;B01;1;1;1;0;1;1;5;
201900043307;138 224 714;B01;1;1;0;2;1;25;5;
201900043310;138 224 707;B01;1;80;0;2;1;1;3;
201900043314;138 224 701;A01;2;1;0;9;1;15;5;
201900043318;138 224 691;A01;0;80;0;2;7;19;3;
201900043327;138 224 675;B01;1;1;0;2;4;1;0;
201900043337;138 224 652;B01;0;1;0;2;0;0;5;
201900043376;138 224 591;A01;1;1;0;2;1;1;6;
201900043388;138 224 569;A01;1;1;0;0;4;2;5;
201900043393;138 224 562;A01;2;1;0;9;0;1;5;
201900043395;138 224 559;A01;3;80;0;0;0;1;3;
201900043409;138 224 534;B01;1;1;0;2;1;16;5;
201900043430;138 224 500;A01;0;80;0;0;0;1;3;
201900043435;138 224 495;B01;2;1;0;2;8;1;5;
201900043460;138 224 451;B01;2;1;0;2;8;13;5;
201900043464;138 224 445;A01;3;1;0;2;9;1;5;
201900043471;138 224 432;B01;2;1;0;0;1;1;5;
201900043481;138 224 418;B01;0;1;0;0;1;1;5;
201900043531;138 224 315;B01;1;1;0;2;4;2;5;
201900043531;138 224 316;A01;1;1;0;2;1;2;5;
201900043534;138 224 312;A01;1;1;0;1;1;7;5;
201900043536;138 224 309;B01;3;1;0;2;4;14;5;
201900043540;138 224 303;B01;1;1;0;2;6;15;5;
201900043543;138 224 297;B01;2;1;1;0;1;0;0;
201900043577;138 224 239;B01;2;1;0;2;1;1;5;
201900043618;138 224 162;B01;3;1;0;2;1;1;0;
201900043625;138 224 149;A01;0;1;0;2;3;19;5;
201900043626;138 224 147;B01;1;1;0;2;1;0;5;
201900043628;138 224 144;B01;1;1;0;2;0;0;6;
201900043638;138 224 122;A01;2;1;0;2;1;8;5;
201900043662;138 224 079;A01;2;1;0;0;7;1;5;
201900043686;138 224 027;A01;3;1;0;2;1;1;5;
201900043687;138 224 026;B01;3;1;0;2;1;16;5;
201900043690;138 224 020;B01;2;1;0;2;0;1;5;
201900043694;138 224 011;B01;0;1;0;2;0;19;5;
201900043700;138 224 000;A01;2;1;0;2;1;5;5;
201900043732;138 223 947;A01;2;1;0;2;1;5;5;
201900043735;138 223 941;C01;0;1;0;2;0;19;0;
201900043739;138 223 931;B01;3;1;0;2;1;1;0;
201900043753;138 223 913;B01;1;1;0;2;4;1;5;
201900043763;138 223 895;A01;1;1;1;0;4;26;5;
201900043767;138 223 887;B01;1;1;1;0;0;0;0;
201900043777;138 223 869;B01;3;1;0;2;0;1;0;
201900043783;138 223 857;B01;3;1;0;2;3;19;5;
201900043811;138 223 803;Y01;0;1;12;2;0;1;5;
201900043826;138 223 779;B01;1;1;0;2;7;19;5;
201900043879;138 223 692;B01;2;1;0;2;1;2;5;
201900043880;138 223 689;B01;1;1;0;2;3;22;5;
201900043886;138 223 680;B01;2;1;0;2;2;15;5;
201900043888;138 223 675;B01;2;1;0;2;1;3;5;
201900043913;138 223 628;B01;2;1;0;2;1;1;5;
201900043935;138 223 590;B01;2;1;0;2;8;2;0;
201900043938;138 223 585;B01;1;1;0;2;4;1;5;
201900043974;138 223 520;B01;1;1;0;2;1;1;5;
201900043974;138 223 521;A01;2;80;0;2;1;17;3;
201900043983;138 223 504;B01;2;1;0;2;3;7;5;
201900044007;138 223 456;B01;3;1;0;0;1;1;5;
201900044011;138 223 445;A01;3;1;0;2;1;5;5;
201900044012;138 223 426;A01;1;1;0;2;1;1;0;
201900044020;138 223 410;B01;3;1;0;2;0;0;0;
201900044047;138 223 347;A01;0;1;0;2;1;2;5;
201900044059;138 223 323;B01;2;1;0;2;1;1;5;
201900044088;138 223 277;A01;0;1;0;0;0;1;5;
201900044090;138 223 275;B01;1;1;0;2;4;1;5;
201900044141;138 223 164;A01;2;1;0;1;3;1;5;
201900044240;138 222 973;B01;3;1;0;2;1;13;5;
201900044249;138 222 953;B01;2;1;0;2;1;1;5;
201900044257;138 222 940;B01;0;1;0;0;4;2;0;
201900044284;138 222 873;B01;3;1;0;2;7;1;5;
201900044292;138 222 860;B01;2;1;0;2;8;2;6;
201900044315;138 222 812;B01;3;80;0;2;3;19;3;
201900044322;138 222 801;A01;1;1;0;2;1;2;0;
201900044324;138 222 799;B01;3;1;0;2;4;1;5;
201900044347;138 222 751;A01;2;1;0;0;0;1;5;
201900044348;138 222 746;B01;0;1;0;2;8;19;5;
201900044358;138 222 727;A01;3;1;0;2;8;10;5;
201900044365;138 222 713;B01;1;1;0;2;1;1;5;
201900044366;138 222 710;A01;1;1;0;2;3;19;5;
201900044389;138 222 664;B01;2;1;0;2;2;1;5;
201900044393;138 222 656;B01;1;1;0;2;1;0;5;
201900044398;138 222 648;B01;3;1;0;2;4;2;0;
201900044403;138 222 637;A01;1;1;0;2;1;1;5;
201900044429;138 222 588;B01;3;1;0;2;1;26;0;
201900044438;138 222 572;A01;1;1;0;1;1;1;5;
201900044451;138 222 548;B01;2;1;12;2;1;17;5;
201900044471;138 222 515;B01;2;1;0;2;7;15;5;
201900044484;138 222 492;A01;0;1;0;2;1;9;6;
201900044492;138 222 475;A01;1;1;0;2;1;6;6;
201900044494;138 222 473;B01;3;1;0;2;5;1;5;
201900044531;138 222 390;B01;0;1;0;2;8;19;5;
201900044534;138 222 384;B01;2;1;0;2;7;1;5;
201900044541;138 222 371;B01;1;1;1;0;0;0;0;
201900044546;138 222 362;B01;3;1;1;0;1;1;5;
201900044612;138 222 236;A01;2;1;0;2;1;7;5;
201900044619;138 222 224;A01;3;1;0;2;1;15;5;
201900044621;138 222 219;B01;3;1;0;0;4;2;5;
201900044646;138 222 176;A01;1;1;16;0;0;16;5;
201900044648;138 222 172;B01;0;1;1;2;1;1;5;
201900044666;138 222 130;B01;2;1;0;2;7;1;0;
201900044679;138 222 102;B01;2;1;0;2;1;0;5;
201900044698;138 222 065;B01;2;1;0;2;7;1;5;
201900044707;138 222 049;B01;3;1;0;2;4;1;0;
201900044714;138 222 032;B01;1;1;0;2;2;2;5;
201900044716;138 222 028;B01;1;1;0;2;1;2;5;
201900044716;138 222 029;A01;1;1;0;2;4;2;5;
201900044744;138 221 971;B01;2;1;0;0;4;2;5;
201900044744;138 221 972;C01;2;1;0;0;4;2;5;
201900044749;138 221 960;B01;2;1;0;2;8;1;5;
201900044749;138 221 961;C01;2;1;0;2;8;1;5;
201900044756;138 221 948;B01;0;1;0;2;8;1;5;
201900044760;138 221 940;A01;2;1;0;2;9;2;5;
201900044760;138 221 941;B01;2;1;0;0;4;2;5;
201900044764;138 221 931;B01;2;1;0;2;0;2;5;
201900044768;138 221 926;B01;0;1;0;2;1;19;5;
201900044823;138 221 826;A01;3;1;0;2;8;10;5;
201900044840;138 221 797;A01;3;1;13;9;1;1;5;
201900044843;138 221 794;B01;3;1;0;2;7;19;5;
201900044850;138 221 777;B01;3;1;0;2;1;1;5;
201900044865;138 221 755;B01;1;1;0;0;3;1;5;
201900044866;138 221 754;A01;2;1;0;0;6;13;5;
201900044868;138 221 749;A01;2;1;0;0;0;1;5;
201900044896;138 221 702;A01;3;1;1;0;0;1;5;
201900044898;138 221 698;A01;1;1;0;2;1;1;5;
201900044899;138 221 697;A01;1;1;0;2;1;15;5;
201900044902;138 221 691;B01;3;1;0;2;1;9;5;
201900044910;138 221 678;A01;1;1;0;0;0;0;5;
201900044913;138 221 672;A01;1;1;0;2;8;2;5;
201900044922;138 221 653;B01;1;1;0;0;7;11;5;
201900044970;138 221 539;A01;1;1;0;2;0;1;5;
201900044972;138 221 535;B01;1;1;0;2;1;1;5;
201900044976;138 221 527;A01;2;1;0;2;1;13;5;
201900044979;138 221 522;B01;2;1;0;2;1;1;5;
201900044986;138 221 509;B01;2;1;0;0;0;0;5;
201900045021;138 221 450;A01;3;1;0;0;4;1;6;
201900045028;138 221 439;A01;2;1;0;2;9;1;0;
201900045067;138 221 360;B01;3;1;0;2;8;0;5;
201900045069;138 221 356;B01;2;1;0;2;3;26;5;
201900045081;138 221 328;A01;3;1;0;2;1;11;0;
201900045093;138 221 302;B01;1;1;2;2;3;1;5;
201900045093;138 221 303;A01;1;1;0;2;1;18;5;
201900045107;138 221 279;A01;1;1;16;0;0;14;5;
201900045112;138 221 272;A01;1;1;0;2;1;19;5;
201900045114;138 221 269;A01;2;1;0;0;8;1;5;
201900045134;138 221 226;B01;3;1;0;6;5;2;0;
201900045169;138 221 160;B01;2;1;14;0;0;21;6;
201900045174;138 221 149;B01;3;1;0;2;5;1;0;
201900045176;138 221 142;B01;1;1;0;2;1;1;5;
201900045205;138 221 074;A01;1;1;0;2;1;15;5;
201900045206;138 221 073;B01;1;1;0;2;1;1;5;
201900045208;138 221 069;A01;2;1;0;0;0;1;5;
201900045212;138 221 062;B01;2;1;0;0;6;1;5;
201900045226;138 221 038;B01;1;1;0;2;1;2;5;
201900045250;138 220 991;A01;2;1;0;1;1;1;5;
201900045270;138 220 954;B01;2;1;0;2;8;23;5;
201900045286;138 220 929;B01;3;1;0;2;1;1;5;
201900045289;138 220 924;B01;1;1;0;2;8;26;5;
201900045290;138 220 922;A01;3;1;0;2;8;23;0;
201900045301;138 220 904;B01;2;1;0;2;8;1;5;
201900045303;138 220 900;B01;2;1;0;2;1;1;5;
201900045305;138 220 897;B01;2;1;0;0;7;1;5;
201900045307;138 220 895;A01;1;1;0;0;0;1;6;
201900045309;138 220 893;A01;3;1;0;1;1;1;5;
201900045317;138 220 880;B01;1;1;0;2;1;1;6;
201900045319;138 220 876;A01;2;80;0;0;0;0;3;
201900045342;138 220 834;B01;2;1;0;2;1;1;5;
201900045350;138 220 818;A01;1;1;0;2;1;25;5;
201900045351;138 220 816;B01;2;1;0;2;1;1;5;
201900045356;138 220 807;A01;1;1;0;2;2;2;5;
201900045359;138 220 803;A01;1;1;0;1;7;1;5;
201900045383;138 220 756;A01;2;1;0;2;8;2;5;
201900045394;138 220 729;B01;3;1;0;2;1;1;5;
201900045467;138 220 592;A01;3;1;0;2;3;9;5;
201900045477;138 220 573;B01;1;1;0;2;8;1;5;
201900045488;138 220 554;B01;1;1;0;2;8;1;5;
201900045490;138 220 549;A01;2;80;0;2;1;5;2;
201900045497;138 220 536;B01;2;1;0;2;1;7;5;
201900045499;138 220 533;B01;1;1;0;2;4;2;5;
201900045501;138 220 530;A01;1;1;0;0;0;1;5;
201900045511;138 220 511;A01;1;1;0;0;0;0;5;
201900045518;138 220 500;A01;3;1;0;0;0;1;5;
201900045538;138 220 470;A01;2;1;0;2;7;17;5;
201900045540;138 220 465;B01;2;1;0;2;8;19;5;
201900045547;138 220 454;B01;1;1;0;2;7;19;6;
201900045553;138 220 444;A01;1;1;0;1;0;1;0;
201900045599;138 220 354;B01;3;1;0;2;1;2;5;
201900045613;138 220 327;B01;1;1;0;2;3;1;5;
201900045619;138 220 317;A01;2;1;0;2;1;15;5;
201900045622;138 220 311;B01;3;1;0;2;0;1;5;
201900045640;138 220 283;A01;2;1;0;2;8;19;6;
201900045645;138 220 276;A01;1;1;0;2;0;0;0;
201900045654;138 220 257;A01;0;1;0;2;1;15;0;
201900045662;138 220 243;A01;1;1;0;2;4;19;5;
201900045680;138 220 210;B01;2;1;0;2;1;1;5;
201900045704;138 220 173;A01;1;1;0;2;8;10;5;
201900045707;138 220 167;B01;2;1;0;2;7;1;0;
201900045711;138 220 160;B01;3;1;0;2;0;0;5;
201900045719;138 220 145;B01;3;1;0;2;1;1;5;
201900045748;138 220 072;B01;0;1;0;2;1;1;5;
201900045749;138 220 071;A01;0;1;0;1;1;1;5;
201900045750;138 220 069;B01;0;1;0;2;1;1;5;
201900045755;138 220 060;B01;0;1;0;2;4;1;5;
201900045763;138 220 047;A01;1;1;0;1;1;26;5;
201900045770;138 220 038;B01;2;1;1;2;4;2;0;
201900045790;138 219 974;B01;1;1;0;2;4;1;0;
201900045793;138 219 963;B01;1;1;0;0;7;19;5;
201900045811;138 219 912;A01;1;1;0;2;1;1;5;
201900045826;138 219 876;A01;3;1;0;2;1;21;5;
201900045832;138 219 866;B01;2;1;0;2;1;1;5;
201900045847;138 219 840;A01;1;1;0;2;1;26;5;
201900045858;138 219 818;B01;3;1;0;2;6;16;5;
201900045901;138 219 747;B01;3;1;0;2;3;2;5;
201900045923;138 219 702;A01;3;1;0;2;1;2;5;
201900045924;138 219 699;B01;2;1;0;2;1;0;0;
201900045924;138 219 700;A01;1;1;0;2;1;11;5;
201900045927;138 219 694;B01;3;1;8;0;0;0;5;
201900045959;138 219 643;B01;3;1;0;2;3;19;0;
201900045959;138 219 644;C01;3;1;0;2;8;19;0;
201900045960;138 219 640;B01;2;1;0;0;1;5;0;
201900045963;138 219 636;B01;1;1;0;2;1;1;0;
201900045982;138 219 606;B01;3;1;0;2;7;9;5;
201900045984;138 219 602;B01;1;1;0;2;8;13;5;
201900046002;138 219 553;A01;1;1;0;2;1;21;5;
201900046003;138 219 551;A01;1;1;0;2;7;19;5;
201900046008;138 219 544;B01;1;1;0;2;1;3;5;
201900046010;138 219 542;B01;3;1;0;2;1;15;5;
201900046011;138 219 540;B01;1;80;0;2;1;3;3;
201900046023;138 219 519;A01;1;1;0;0;0;1;5;
201900046025;138 219 515;B01;1;1;0;2;2;23;5;
201900046050;138 219 469;Y01;2;1;0;2;4;11;0;
201900046054;138 219 462;B01;1;1;0;6;1;15;0;
201900046062;138 219 447;B01;3;1;0;2;1;21;5;
201900046094;138 219 392;B01;2;1;0;0;4;1;5;
201900046113;138 219 358;A01;1;1;10;0;0;5;5;
201900046115;138 219 355;A01;2;1;0;0;7;1;5;
201900046168;138 219 236;A01;1;1;0;0;7;21;5;
201900046175;138 219 225;B01;1;1;0;2;8;1;5;
201900046176;138 219 222;A01;1;1;0;2;1;15;5;
201900046202;138 219 183;A01;2;1;0;2;2;11;5;
201900046209;138 219 171;B01;3;1;0;0;1;19;5;
201900046215;138 219 160;A01;0;1;0;0;0;26;0;
201900046217;138 219 153;A01;2;80;0;2;7;1;3;
201900046225;138 219 136;A01;0;1;0;2;1;1;5;
201900046246;138 219 080;B01;2;1;0;2;4;1;5;
201900046256;138 219 059;B01;1;1;0;2;4;2;5;
201900046257;138 219 057;A01;1;1;0;2;1;15;5;
201900046258;138 219 055;A01;1;1;0;2;1;19;5;
201900046276;138 219 028;A01;2;80;0;2;7;1;3;
201900046293;138 218 990;B01;3;1;0;2;0;0;0;
201900046294;138 218 987;C01;0;1;0;2;8;15;0;
201900046295;138 218 985;B01;1;1;0;2;1;26;5;
201900046305;138 218 967;B01;3;1;0;2;8;26;5;
201900046312;138 218 955;B01;1;1;0;2;8;15;5;
201900046314;138 218 952;B01;1;1;0;2;8;1;5;
201900046322;138 218 937;A01;3;1;0;2;7;1;5;
201900046324;138 218 932;A01;1;1;8;0;1;1;5;
201900046325;138 218 931;B01;1;1;0;2;8;1;5;
201900046335;138 218 909;B01;2;1;0;2;7;16;5;
201900046336;138 218 907;B01;3;1;0;2;2;1;5;
201900046340;138 218 899;A01;1;1;0;2;2;19;6;
201900046342;138 218 895;A01;2;1;0;2;1;1;5;
201900046343;138 218 892;C01;1;1;0;2;4;1;5;
201900046356;138 218 871;B01;3;1;0;2;0;0;5;
201900046365;138 218 856;B01;3;1;0;2;1;2;5;
201900046384;138 218 813;B01;1;1;0;2;3;19;5;
201900046391;138 218 803;B01;1;1;0;2;7;19;5;
201900046408;138 218 765;A01;1;1;0;2;1;25;5;
201900046426;138 218 731;B01;3;1;0;2;2;26;6;
201900046428;138 218 728;B01;2;1;0;2;8;1;5;
201900046431;138 218 722;B01;1;1;0;2;4;1;5;
201900046444;138 218 695;B01;3;1;0;2;0;1;5;
201900046445;138 218 693;A01;1;1;0;1;1;1;5;
201900046453;138 218 676;A01;2;1;0;2;1;1;5;
201900046473;138 218 642;A01;1;1;0;1;1;26;5;
201900046475;138 218 638;B01;0;1;0;2;2;1;5;
201900046480;138 218 631;A01;1;1;0;2;7;19;5;
201900046487;138 218 621;B01;1;1;0;2;4;1;5;
201900046507;138 218 574;A01;2;1;0;0;0;1;5;
201900046514;138 218 563;B01;1;1;0;2;4;1;5;
201900046516;138 218 559;B01;2;1;0;2;8;7;5;
201900046519;138 218 555;A01;2;1;0;1;1;1;5;
201900046526;138 218 544;A01;1;1;0;2;0;1;5;
201900046526;138 218 545;Z01;1;1;0;2;0;16;5;
201900046529;138 218 534;B01;1;1;0;2;1;1;5;
201900046535;138 218 525;B01;1;1;0;2;4;1;0;
201900046542;138 218 514;B01;3;1;0;2;1;1;6;
201900046599;138 218 393;B01;0;1;0;2;8;1;5;
201900046607;138 218 375;B01;3;1;0;2;0;0;0;
201900046636;138 218 310;A01;2;1;0;2;1;1;5;
201900046638;138 218 306;A01;1;1;0;2;0;1;5;
201900046640;138 218 301;B01;2;1;0;2;1;5;5;
201900046656;138 218 267;B01;1;1;0;2;1;1;5;
201900046659;138 218 263;A01;2;1;12;2;8;2;5;
201900046662;138 218 256;B01;2;1;0;2;1;19;5;
201900046709;138 218 187;A01;2;1;0;0;0;0;5;
201900046713;138 218 181;B01;2;1;0;2;8;1;5;
201900046731;138 218 149;B01;3;1;0;2;0;25;5;
201900046734;138 218 144;B01;3;1;0;2;8;19;5;
201900046752;138 218 112;Y01;1;1;0;2;1;1;5;
201900046758;138 218 100;B01;3;1;0;2;3;2;5;
201900046766;138 218 086;B01;3;1;0;2;0;0;5;
201900046778;138 218 066;B01;3;1;0;2;1;1;5;
201900046779;138 218 065;B01;1;1;1;2;4;2;5;
201900046793;138 218 044;A01;2;1;0;0;8;15;5;
201900046795;138 218 040;B01;1;1;0;2;1;1;5;
201900046798;138 218 034;B01;2;1;0;0;1;1;5;
201900046806;138 218 018;B01;1;1;0;2;8;11;5;
201900046814;138 218 005;B01;3;1;0;2;1;1;5;
201900046833;138 217 961;A01;1;1;0;2;8;13;5;
201900046847;138 217 937;B01;2;1;0;2;4;15;5;
201900046864;138 217 893;B01;1;1;0;2;1;1;5;
201900046874;138 217 871;B01;1;1;0;2;1;1;0;
201900046881;138 217 855;B01;1;1;0;2;4;1;5;
201900046885;138 217 850;A01;1;80;0;2;5;19;3;
201900046906;138 217 817;B01;1;1;0;2;1;19;5;
201900046911;138 217 807;A01;1;1;0;2;1;26;5;
201900046914;138 217 803;B01;0;1;0;2;1;1;0;
201900046927;138 217 777;B01;3;1;0;2;7;19;5;
201900046938;138 217 760;B01;2;1;0;2;1;2;5;
201900046941;138 217 755;A01;2;1;9;4;1;1;6;
201900046943;138 217 753;B01;3;1;0;2;8;19;5;
201900046944;138 217 751;B01;3;1;0;2;8;19;5;
201900046959;138 217 717;B01;1;1;0;2;8;2;5;
201900046961;138 217 713;B01;3;80;0;2;1;1;3;
201900046970;138 217 699;A01;1;1;0;2;3;9;5;
201900046975;138 217 688;B01;2;1;0;2;0;0;6;
201900046988;138 217 656;B01;2;1;0;2;1;1;5;
201900046994;138 217 646;A01;1;1;0;2;1;9;5;
201900046997;138 217 641;A01;0;1;0;1;1;1;5;
201900047007;138 217 623;B01;2;1;0;2;1;0;0;
201900047036;138 217 570;B01;2;1;0;2;1;1;5;
201900047037;138 217 568;B01;2;1;0;2;2;1;5;
201900047048;138 217 547;B01;2;1;0;2;1;13;5;
201900047065;138 217 516;B01;3;1;0;2;4;26;0;
201900047069;138 217 508;A01;1;1;0;9;1;1;6;
201900047069;138 217 509;B01;2;1;0;2;1;1;0;
201900047072;138 217 503;B01;3;1;0;2;1;26;6;
201900047084;138 217 482;B01;3;1;0;2;7;1;5;
201900047094;138 217 467;B01;1;1;0;0;4;1;5;
201900047105;138 217 448;B01;1;1;0;2;1;0;5;
201900047128;138 217 407;A01;3;1;0;0;0;1;5;
201900047159;138 217 360;B01;0;1;0;2;8;19;5;
201900047185;138 217 309;A01;1;1;0;1;1;1;5;
201900047201;138 217 273;B01;3;1;2;2;8;19;5;
201900047235;138 217 217;B01;2;1;0;2;1;7;5;
201900047236;138 217 215;A01;2;1;0;1;2;1;5;
201900047242;138 217 204;A01;1;1;0;2;0;1;5;
201900047242;138 217 206;B01;1;1;0;2;0;1;5;
201900047243;138 217 202;B01;1;1;0;2;6;2;5;
201900047246;138 217 198;A01;1;1;0;0;0;16;5;
201900047314;138 217 082;B01;3;1;0;2;8;15;5;
201900047323;138 217 062;A01;2;1;0;2;3;19;0;
201900047325;138 217 058;B01;1;1;0;2;3;1;5;
201900047328;138 217 054;B01;1;1;0;2;8;1;5;
201900047330;138 217 049;B01;1;1;0;2;0;17;5;
201900047338;138 217 036;B01;3;1;0;2;1;5;5;
201900047352;138 217 013;A01;2;1;0;2;1;13;5;
201900047367;138 216 990;A01;2;1;0;2;3;26;2;
201900047371;138 216 985;A01;0;1;0;0;8;2;5;
201900047402;138 216 937;B01;0;1;0;2;7;1;5;
201900047404;138 216 933;A01;2;1;0;9;4;1;5;
201900047411;138 216 923;A01;1;1;0;1;1;2;6;
201900047423;138 216 901;A01;2;1;0;2;1;1;5;
201900047428;138 216 892;B01;2;1;0;2;8;2;5;
201900047446;138 216 858;B01;0;1;0;2;8;1;5;
201900047524;138 216 715;B01;2;1;12;2;8;19;0;
201900047526;138 216 712;B01;3;1;0;2;1;19;5;
201900047527;138 216 709;B01;3;1;0;2;1;0;5;
201900047530;138 216 686;B01;1;1;0;2;7;0;5;
201900047531;138 216 683;B01;1;1;0;2;1;26;0;
201900047533;138 216 679;B01;2;80;0;2;3;1;3;
201900047541;138 216 665;B01;2;1;0;2;0;0;5;
201900047543;138 216 662;B01;2;1;0;2;3;19;5;
201900047546;138 216 657;B01;3;1;0;2;8;19;5;
201900047553;138 216 646;B01;2;1;0;2;8;19;5;
201900047555;138 216 643;B01;2;1;0;2;0;19;5;
201900047558;138 216 637;B01;2;1;0;2;7;21;5;
201900047559;138 216 636;A01;3;1;0;2;1;15;5;
201900047561;138 216 632;A01;3;1;0;2;1;1;5;
201900047583;138 216 589;A01;1;1;0;2;1;5;5;
201900047584;138 216 586;A01;2;1;0;2;1;13;5;
201900047586;138 216 582;B01;1;1;0;2;4;16;5;
201900047589;138 216 578;B01;1;1;0;2;5;1;5;
201900047591;138 216 573;B01;1;1;0;2;1;1;5;
201900047607;138 216 545;A01;3;1;12;0;1;26;5;
201900047625;138 216 517;B01;1;1;0;2;6;1;5;
201900047634;138 216 500;B01;3;1;0;2;1;19;5;
201900047637;138 216 494;B01;0;1;0;2;8;0;0;
201900047646;138 216 468;B01;2;1;1;0;1;1;5;
201900047660;138 216 429;B01;3;1;0;2;1;19;5;
201900047674;138 216 393;B01;1;1;0;2;7;1;5;
201900047678;138 216 382;A01;2;1;0;2;1;2;5;
201900047679;138 216 380;A01;3;1;0;2;1;19;5;
201900047714;138 216 317;A01;1;1;0;2;4;1;5;
201900047720;138 216 304;B01;1;80;0;2;8;13;3;
201900047726;138 216 296;Z01;2;1;0;1;1;5;6;
201900047727;138 216 295;A01;2;1;0;2;8;9;5;
201900047729;138 216 291;A01;2;1;0;2;7;19;5;
201900047731;138 216 287;A01;0;1;0;0;0;1;5;
201900047736;138 216 281;B01;2;1;0;2;3;18;5;
201900047738;138 216 277;B01;2;1;0;2;7;1;5;
201900047739;138 216 276;A01;2;1;0;1;0;1;5;
201900047742;138 216 271;B01;2;1;1;2;2;13;5;
201900047753;138 216 252;B01;2;1;1;0;1;2;0;
201900047755;138 216 250;B01;2;1;1;0;7;17;5;
201900047792;138 216 179;B01;1;1;0;2;1;1;5;
201900047833;138 216 120;A01;2;1;0;0;4;2;0;
201900047838;138 216 110;B01;1;1;0;2;1;1;5;
201900047841;138 216 106;B01;1;1;0;0;4;1;5;
201900047888;138 216 022;A01;1;1;0;2;8;19;5;
201900047891;138 216 018;B01;2;1;0;2;1;15;5;
201900047893;138 216 013;A01;3;80;0;0;4;1;3;
201900047928;138 215 954;A01;1;1;15;1;2;26;5;
201900047963;138 215 883;B01;1;1;0;2;8;19;5;
201900047970;138 215 874;A01;2;1;0;1;1;1;5;
201900047981;138 215 852;A01;2;1;0;2;0;15;5;
201900047992;138 215 833;B01;3;1;0;2;8;26;5;
201900048014;138 215 797;B01;3;1;0;2;7;16;5;
201900048025;138 215 778;A01;1;1;0;2;8;1;5;
201900048063;138 215 701;B01;1;1;0;2;1;15;5;
201900048067;138 215 694;A01;2;1;0;0;0;21;5;
201900048072;138 215 684;A01;3;1;0;2;1;1;0;
201900048098;138 215 629;B01;1;1;0;2;2;1;5;
201900048112;138 215 604;A01;2;1;0;2;1;1;5;
201900048118;138 215 594;A01;1;1;0;2;3;1;5;
201900048144;138 215 554;A01;1;1;0;2;1;1;5;
201900048148;138 215 547;B01;2;1;0;2;4;7;5;
201900048152;138 215 538;B01;2;80;0;2;8;1;3;
201900048161;138 215 524;A01;1;1;0;1;1;1;5;
201900048164;138 215 519;B01;2;80;0;2;1;1;3;
201900048165;138 215 516;A01;1;1;0;2;0;1;5;
201900048181;138 215 493;B01;1;1;0;2;1;1;5;
201900048191;138 215 472;B01;1;1;0;2;8;13;0;
201900048228;138 215 405;A01;2;1;13;0;1;1;5;
201900048229;138 215 403;B01;3;1;0;2;1;1;5;
201900048241;138 215 380;B01;1;1;0;2;1;2;5;
201900048245;138 215 372;B01;0;1;0;2;3;1;6;
201900048271;138 215 313;A01;1;1;0;2;8;17;5;
201900048272;138 215 312;A01;1;1;0;2;2;25;5;
201900048277;138 215 298;A01;2;1;0;2;7;0;0;
201900048278;138 215 295;B01;3;1;1;0;1;2;5;
201900048282;138 215 287;A01;1;1;0;1;1;1;5;
201900048284;138 215 284;A01;3;1;16;2;0;10;5;
201900048300;138 215 256;B01;3;1;0;2;1;1;5;
201900048301;138 215 254;A01;3;1;0;0;0;26;0;
201900048309;138 215 235;B01;1;1;0;2;1;0;5;
201900048312;138 215 229;B01;2;1;0;2;1;19;5;
201900048313;138 215 227;A01;0;1;1;0;2;1;5;
201900048319;138 215 213;A01;2;1;0;2;1;1;5;
201900048323;138 215 205;A01;2;1;14;0;1;1;5;